objectId,ra,dec
ZTF17aaatdnl,92.57018252,20.40716763
ZTF18aaawejy,98.22172485,15.48506976
ZTF18aaphvtk,92.92643585,19.47039002
ZTF18aawadfc,282.3955775,15.13922839
ZTF18aawccls,291.687113,11.37864493
ZTF18aawkwln,281.5963487,13.87412496
ZTF18aawsqdu,288.5012795,13.41383483
ZTF18aawvavc,284.0626821,14.00280012
ZTF18aaxalgo,288.3332183,13.22839928
ZTF18aaxcytk,293.5644362,14.8675523
ZTF18aaxlsvs,287.5920482,10.8474452
ZTF18aaydzuy,286.8848961,11.50638446
ZTF18aayebhe,285.59241,13.21796371
ZTF18aayefcb,283.3282228,12.41944331
ZTF18aayeikq,281.4040684,11.45754978
ZTF18aayejlw,283.2938343,10.99387137
ZTF18aayhflo,293.2749316,15.19772814
ZTF18aaynwyd,286.6631001,13.12334938
ZTF18aaynzod,285.621453,10.61520127
ZTF18aayofnd,285.7351714,12.1531854
ZTF18aayogve,285.3835081,14.44034802
ZTF18aayowtq,293.5271813,14.47804581
ZTF18aayuwnw,285.8671833,10.30695627
ZTF18aayuxxm,283.1027091,11.48566413
ZTF18aayuyfz,283.8706609,9.281018989
ZTF18aayvcng,294.4701001,9.468115339
ZTF18aayvfwv,285.4530911,13.41925023
ZTF18aayvxuc,287.9919728,10.11001331
ZTF18aazeyws,295.3744406,9.002689978
ZTF18aazeyyp,295.5902799,9.118855405
ZTF18aazfako,294.3120395,15.29925537
ZTF18aazfdzp,292.2817116,12.67076727
ZTF18aazlvoc,285.2618414,11.58087611
ZTF18aazmvdb,289.3426321,11.39948941
ZTF18aazmxvk,294.9843413,11.44697131
ZTF18aazsmrd,291.2216725,14.96792469
ZTF18aazukzz,284.1350039,8.446100864
ZTF18aazunhh,286.5527654,13.13100167
ZTF18aazuoco,286.2133979,10.46828019
ZTF18aazutqv,295.2319848,12.61949326
ZTF18ababxbs,282.703941,10.68169887
ZTF18abaclcb,294.5770217,10.8402442
ZTF18abajgaf,286.1211287,13.97164846
ZTF18abapyih,290.5601887,14.40229992
ZTF18abarbuj,285.7076113,10.64618451
ZTF18abarqud,295.168206,11.23847868
ZTF18abayitr,288.0961857,14.65292412
ZTF18abbegvz,283.2969607,10.74575959
ZTF18abbknpf,288.6009007,8.659359757
ZTF18abblhbz,288.527155,13.5144508
ZTF18abcnssb,282.7447037,8.861574081
ZTF18abdksvt,286.5269872,14.78310712
ZTF18abdonid,281.2516811,8.936325674
ZTF18abeberb,293.3698352,14.05983819
ZTF18abebfrv,287.449379,11.22026432
ZTF18abebnam,284.2530298,10.56426105
ZTF18abebnan,284.0921821,10.26647578
ZTF18abfrpwy,287.41997,13.94349332
ZTF18abgkcsb,283.8632901,9.421429652
ZTF18abgzget,285.5607632,12.88540805
ZTF18abhnvjm,288.9098488,14.29265848
ZTF18abibsdm,286.9247283,14.3255222
ZTF18abicwvc,285.1770561,10.35858546
ZTF18abitmxs,289.3931828,14.68072636
ZTF18abjarsn,287.1282187,12.3698186
ZTF18abjnqlk,286.376231,10.14352555
ZTF18abjskiq,287.3185781,14.26466148
ZTF18ablihrh,286.2669808,10.25027743
ZTF18ablihyd,287.4397294,13.00568416
ZTF18abljtmu,286.4058309,11.97032747
ZTF18ablwzaf,293.3725288,12.0506512
ZTF18abmfbne,292.9263704,8.665943757
ZTF18abmqqss,291.3815672,12.50387195
ZTF18abnpasd,284.4515429,12.25844503
ZTF18abpbzau,287.1926611,14.11829069
ZTF18abruwsp,285.5664592,12.4786764
ZTF18abuqnbq,92.08559606,15.41750491
ZTF18abyvokd,290.2961141,8.531431284
ZTF18acvdodb,98.11166655,22.58359659
ZTF18adjmytm,281.5889648,14.96814217
ZTF18adjmyuc,281.9507339,15.43761476
ZTF18adqfxvw,294.7942854,8.505240286
ZTF19abnvcob,294.6085392,12.23296972
ZTF19acysnbi,92.78866375,19.98278465
ZTF20aanlcog,294.1299883,8.104880962
ZTF20aazltci,288.5688456,15.03671221
ZTF20aazolav,286.3364794,15.47556993
ZTF20abefurg,289.2648559,15.26425616
ZTF21aaymcun,286.2780082,11.51852785
ZTF17aacsfer,97.12273621,18.21033788
ZTF17aadsymi,95.4308917,21.75095021
ZTF18aagqgmb,94.50599403,17.51999375
ZTF18aagqgwj,92.38485411,22.55744819
ZTF18aavelwh,287.4060924,15.26438844
ZTF18aavepza,300.0630364,22.53233575
ZTF18aavyoqq,281.5498489,13.93895782
ZTF18aavyqob,288.0794437,12.72520902
ZTF18aawacgf,287.0083861,13.91167304
ZTF18aawacwv,287.3945035,15.07973302
ZTF18aawkneh,288.296409,14.92549676
ZTF18aawkxgr,287.5372025,14.21183161
ZTF18aaxdkrf,284.4329045,12.30968279
ZTF18aaxdksc,287.4574941,12.9446621
ZTF18aaxlpet,285.3647881,9.698740959
ZTF18aaxltdi,285.5709622,13.00806768
ZTF18aaxltdr,285.7718684,12.90821417
ZTF18aaxpnzv,285.5807263,13.53937988
ZTF18aaxpoei,284.3275041,14.15421529
ZTF18aaxyplg,290.7506736,12.80267105
ZTF18aaxythv,286.1056329,11.40362918
ZTF18aaxytxi,284.560755,14.33686749
ZTF18aaxyuvy,286.3711193,14.49842998
ZTF18aaydaqf,292.0628901,14.25846907
ZTF18aayedxt,284.7787459,11.62522924
ZTF18aayeecc,284.1092112,11.47742295
ZTF18aayefaw,283.6012985,12.22202932
ZTF18aayeikh,281.3334034,11.5842107
ZTF18aayoasu,283.1497754,9.499741173
ZTF18aayobfa,281.8383535,13.26843465
ZTF18aayobqz,286.614084,14.93467487
ZTF18aayoemt,286.2611072,13.80701151
ZTF18aayoexu,285.3083411,10.85423843
ZTF18aayogww,285.5090237,13.91457466
ZTF18aaypaqv,288.5332112,15.05204876
ZTF18aaypeqw,281.1745001,13.97302333
ZTF18aayvbdt,294.7105451,14.98297087
ZTF18aayvern,284.6485407,12.75094569
ZTF18aayvgas,283.2872616,10.63120232
ZTF18aayvkjg,295.6299073,11.57284041
ZTF18aaywchh,286.2515014,9.066979891
ZTF18aazdixg,285.5921119,14.27111003
ZTF18aazdnxr,282.1318449,11.90598875
ZTF18aazezop,294.0997362,8.842794145
ZTF18aazmxof,292.4318425,8.060859814
ZTF18ababltr,282.3098553,8.837145486
ZTF18ababmxv,286.4884803,13.95361133
ZTF18abahtli,286.2819134,9.407178023
ZTF18abajbti,292.4218612,8.469368304
ZTF18abardai,284.4755726,13.17152277
ZTF18abarjjg,287.273034,12.75386221
ZTF18abayiau,284.5002349,14.01422227
ZTF18abbdzwg,283.4891887,11.08063121
ZTF18abbeuqj,295.6619816,14.19341942
ZTF18abbnzhu,293.4190478,9.621990486
ZTF18abbtiuj,283.7675465,12.08023341
ZTF18abccpih,283.4902445,11.46747076
ZTF18abcgyon,295.3443248,15.45505041
ZTF18abcgzlr,292.2240442,10.06634578
ZTF18abcsveg,289.7377748,10.48448082
ZTF18abctxmv,291.580628,9.97481185
ZTF18abcublt,293.0346228,9.536440712
ZTF18abdkszv,295.5063103,14.83772696
ZTF18abebexb,285.914251,9.995977539
ZTF18abebogk,286.4472023,10.92906724
ZTF18abfrpwj,287.0134143,14.22165499
ZTF18abfrqdk,286.4946592,11.04291197
ZTF18abgjwhr,285.9076708,8.369927278
ZTF18abgjzkv,282.238667,14.66977951
ZTF18abgybwn,293.6372063,13.11994537
ZTF18abicdgi,293.6300552,9.708020326
ZTF18abjarks,287.9267117,14.20495815
ZTF18abjfrcj,286.9899087,14.76325795
ZTF18abjwfce,287.3858436,14.72340843
ZTF18abkmnmz,286.474308,12.39283744
ZTF18ablarbm,289.7867168,10.94044147
ZTF18abldsgh,295.5811303,12.35731486
ZTF18ablhwdo,281.5314179,14.7137641
ZTF18ablmyoe,285.1801783,10.86963561
ZTF18ablvrmq,293.6430914,12.11910229
ZTF18abmfevr,290.2258281,12.51653077
ZTF18abnpbuq,283.3525623,8.948829528
ZTF18aboqvgq,287.609503,13.46598685
ZTF18abqcmbz,92.48054286,20.55955606
ZTF18abyltco,287.4308243,12.85053708
ZTF18adatrdp,94.74388263,17.76979016
ZTF18adkcykk,287.1493293,12.75239606
ZTF18adkeezt,287.2314554,12.18611143
ZTF18adkgiqx,285.4054183,15.26539402
ZTF19abfldxc,286.0905886,14.54240025
ZTF20aaxmnhi,287.1566485,9.628370364
ZTF20abetfkz,283.2047797,14.11741952
ZTF20abjeuib,284.4320758,11.32629373
ZTF20abjsthv,281.4328626,15.21875825
ZTF20abypioc,285.2826644,11.49101248
ZTF21abbthey,281.8746994,11.36658503
ZTF23aacnpmn,282.477016,10.10032471
ZTF23aapsgog,286.9213235,12.43222167
ZTF17aabrhvu,333.71151,36.94251287
ZTF18aaslfng,281.4658323,14.96539839
ZTF18aawaczm,283.6048467,14.94767093
ZTF18aaxlsxm,286.3671753,12.65027615
ZTF18aaxlsym,285.9525112,10.108531
ZTF18aaxmyfu,282.7745511,14.39452841
ZTF18aaxmzzf,287.076121,9.963415437
ZTF18aaxyufq,287.0108376,12.51175412
ZTF18aaxyuwc,286.4822153,14.49776354
ZTF18aaxyuxd,286.5008071,13.81517365
ZTF18aaxyvdm,287.5538117,12.87937075
ZTF18aaxyvef,287.3185291,12.80436609
ZTF18aaycwjs,288.0402955,8.175132753
ZTF18aaydbdu,285.1472931,9.415960262
ZTF18aaydsgr,282.5922691,8.26004882
ZTF18aaydzyp,288.7803642,15.25369375
ZTF18aayeagf,281.6435558,8.83846515
ZTF18aayecvt,281.8043734,12.43672215
ZTF18aayecwd,281.3198852,12.35799835
ZTF18aayeeav,284.1133517,11.34990892
ZTF18aayeezy,283.8108144,12.15542697
ZTF18aayelsc,282.4932138,10.31068122
ZTF18aayeltb,282.139886,10.14325614
ZTF18aayeluy,282.7543584,10.1085714
ZTF18aayntjg,287.4584309,10.21594711
ZTF18aaynxtu,286.0571436,11.21186307
ZTF18aayoddb,284.2716771,12.74596939
ZTF18aayoemq,285.9497466,14.32588406
ZTF18aayoept,287.6324234,15.19576674
ZTF18aayogkc,283.602787,12.7591066
ZTF18aayoofl,283.5369371,10.9670002
ZTF18aayuxxy,292.6887752,13.4174547
ZTF18aayuxzb,292.1268981,13.20842386
ZTF18aayuzaj,295.5783044,9.993248032
ZTF18aayvcdp,294.0291462,10.53661997
ZTF18aayvgcb,283.5276389,10.64550869
ZTF18aaywcha,286.2649141,9.270844002
ZTF18aazdabi,283.4820373,14.7402853
ZTF18aazeytg,295.3418554,8.59930472
ZTF18aazfead,292.4887315,12.23067565
ZTF18aazlsgh,285.7243319,12.01644152
ZTF18aazlufc,284.1342517,10.99460033
ZTF18aazmvpf,292.753628,9.289281915
ZTF18aazutvb,295.2814187,12.64424762
ZTF18abacobs,292.2661828,11.9929726
ZTF18abaixud,292.7169662,9.500126205
ZTF18abaiyqi,288.3392945,14.52939325
ZTF18abaiyua,286.3629491,11.0065345
ZTF18abajcqf,285.3262995,12.0276958
ZTF18abajxtp,289.852922,11.89849525
ZTF18abcgpie,283.4414565,11.22157748
ZTF18abcnqhy,285.7711293,9.731831734
ZTF18abcsvxe,286.4962915,13.19734857
ZTF18abdocht,286.1962848,11.92782806
ZTF18abebezd,285.9687192,10.49425459
ZTF18abebezh,286.2484012,10.00273275
ZTF18abebgsv,287.9876557,14.37128812
ZTF18abebtlu,294.0437684,15.22420836
ZTF18abfipsp,290.2974502,8.248266375
ZTF18abfjntg,285.791212,15.09480526
ZTF18abfrqfl,285.4948855,12.28991466
ZTF18abgsjue,290.518905,10.53156267
ZTF18abibcsg,290.452486,11.97085625
ZTF18abibsdf,287.360366,14.56887983
ZTF18abibsij,282.3701936,11.17865841
ZTF18abijidb,286.5962668,12.22147718
ZTF18abjfsll,294.9256619,15.11558888
ZTF18abjskee,281.6778762,10.87166072
ZTF18ablixnf,284.0532947,12.84921557
ZTF18abljbkr,285.3926191,12.88262484
ZTF18abljiql,281.8043177,11.56735394
ZTF18ablkrjt,287.3716677,11.87624354
ZTF18ablnodp,287.8370404,12.89593128
ZTF18abojwhc,290.3581248,8.849364548
ZTF18abseege,286.4899281,10.67842836
ZTF18abtnpzp,286.2413573,10.47729859
ZTF18adjspjo,281.5612354,9.248800456
ZTF18adkcloi,284.3946705,13.49076448
ZTF18admxuta,282.7179,10.84470662
ZTF18adqfydz,294.2684206,9.200733382
ZTF19aaduwcv,94.20350252,17.43707311
ZTF19aaimjvk,288.9968627,8.254800056
ZTF19abcwvhz,286.0289112,14.31284929
ZTF19acoyibs,98.22378635,17.37899199
ZTF20aanlcpd,286.5175238,10.54045322
ZTF20abooihh,287.2125816,11.32364532
ZTF21achuvje,288.6148104,12.0933321
ZTF17aadkjbo,93.78797335,21.55553342
ZTF18aavedlq,281.2899623,14.72484286
ZTF18aavyoqg,281.6428197,13.79619589
ZTF18aawacjm,286.3032075,14.92366057
ZTF18aawacmp,281.311619,13.37186163
ZTF18aaxcyqf,289.2207449,12.75079093
ZTF18aaxcyxa,290.5682355,11.45458756
ZTF18aaxjczr,288.4914178,11.56163445
ZTF18aaxmyig,284.5053791,14.97211234
ZTF18aaxpnzy,285.3436434,13.49075692
ZTF18aaxporh,281.8997583,9.533500686
ZTF18aaxysya,288.056118,10.52480575
ZTF18aaxyter,286.4759286,12.92621933
ZTF18aaxyttp,283.1006997,13.86510083
ZTF18aaxyugb,287.3850202,12.57461774
ZTF18aaxyuvh,285.9411744,13.8903987
ZTF18aaxyuwl,286.6435725,13.85238218
ZTF18aayeapz,282.396956,8.665182301
ZTF18aayecxh,281.5401694,12.63046436
ZTF18aayecxo,281.2374005,12.07505447
ZTF18aayeezz,283.4013229,12.27989831
ZTF18aayefda,283.5409555,12.32085306
ZTF18aayegzh,286.4934572,14.44003442
ZTF18aayeijh,281.2145856,10.8876549
ZTF18aayeipa,281.4178237,11.26889353
ZTF18aayejla,283.8562411,11.49261418
ZTF18aayhgaw,288.6362631,15.4389416
ZTF18aaynznq,285.5707092,10.63711096
ZTF18aayodoh,287.1815801,14.49315714
ZTF18aayoezc,285.0133164,11.39567833
ZTF18aayuxza,292.2291119,12.90201802
ZTF18aayvfwg,285.7772024,12.74395961
ZTF18aazdczx,286.1139239,13.4063745
ZTF18aazdnwt,282.6111641,12.17339294
ZTF18aazlvds,281.2970261,12.33024259
ZTF18aazmegr,288.0926994,8.262701157
ZTF18aazslpb,287.8107713,9.493344548
ZTF18aazsoro,288.6541572,12.69285788
ZTF18abaaqgf,286.9238351,10.05430399
ZTF18abaaxjc,285.5395498,9.39279658
ZTF18abacoev,292.2322291,12.57461423
ZTF18abajbiu,285.2006183,11.35039164
ZTF18abaqbzy,286.9455211,10.27947254
ZTF18abarexs,288.7320331,15.46524974
ZTF18abbcyac,285.2991499,10.27106469
ZTF18abbtity,283.7814055,12.15846968
ZTF18abccoqu,281.5665892,13.54066711
ZTF18abccoum,287.4793541,13.37003892
ZTF18abccozn,286.0085773,14.00080091
ZTF18abcgprw,287.1912148,13.53890105
ZTF18abcsvxl,286.0166721,13.03097577
ZTF18abeazod,291.6309887,12.79248174
ZTF18abebhdj,285.2233265,12.6355912
ZTF18abebhdq,285.4022114,12.34653481
ZTF18abecrkz,293.480465,12.67788777
ZTF18abehnbx,292.0693824,12.28826165
ZTF18abfrpxj,287.4945005,14.78371399
ZTF18abgsspn,288.3538045,14.71352597
ZTF18abibtlb,284.9863424,13.84579366
ZTF18abjaqtc,286.4801924,10.39924282
ZTF18abjartt,286.9745008,12.19310309
ZTF18abjffvy,286.5776852,8.714476906
ZTF18abjfijd,284.5875576,11.3417852
ZTF18abjfsli,295.437781,15.17438863
ZTF18abkmtbb,284.3124616,11.42256917
ZTF18ablivng,284.4110577,10.28289371
ZTF18ablmyyy,287.3219226,11.86370847
ZTF18abloovw,283.8408581,12.43673296
ZTF18ablqujh,282.6774258,15.22527235
ZTF18abrvbeb,287.9903095,13.83697307
ZTF18adjzoex,282.1585351,12.83806
ZTF18adkcmkr,286.9082369,14.69935748
ZTF18adkcmoy,285.0708263,14.86171389
ZTF18adkcykj,286.9594779,12.84542027
ZTF18adkeezu,287.3869929,12.66810853
ZTF18adlfpli,285.9907673,9.371842146
ZTF19aagjdwb,286.2547473,10.83040174
ZTF19aapwrzm,285.792852,9.603409518
ZTF19aawlrcp,285.5092284,11.9186511
ZTF19addhnjg,288.8643937,12.6002515
ZTF19adiwqef,287.1362249,8.552048203
ZTF20aamlhib,292.97422,12.18999649
ZTF20aavtcsx,288.1683687,9.027070165
ZTF22aaijslo,286.2917597,11.51300414
ZTF17aacskxh,98.14108334,22.62747322
ZTF17aadsttd,94.26341368,20.14822042
ZTF18aaaanas,93.1741245,19.70647334
ZTF18aaphzzy,96.85159189,16.22490733
ZTF18aawacnp,282.5252547,13.04601063
ZTF18aawacof,282.6328525,13.26447616
ZTF18aawacoi,282.0827024,12.76658038
ZTF18aawacoj,282.5325989,13.22900768
ZTF18aawadcc,283.7051897,15.02622937
ZTF18aawsprc,285.6680502,9.36225933
ZTF18aaxcytx,293.5998004,15.47430386
ZTF18aaxddkx,284.149265,15.47902046
ZTF18aaxjcxd,285.2099288,9.205685495
ZTF18aaxjdtm,289.0238968,13.20864962
ZTF18aaxltnx,287.2472019,13.14114123
ZTF18aaxnaup,284.1045857,13.42472248
ZTF18aaxpogn,285.9483866,12.22871786
ZTF18aaxpolg,284.4408469,12.36661154
ZTF18aaxykrl,285.1936504,9.646703966
ZTF18aaxythu,286.683381,11.64526366
ZTF18aaxyuem,284.0348719,12.95004823
ZTF18aaxyuvx,286.236622,14.34672195
ZTF18aaydfzu,284.4542771,14.89528398
ZTF18aayeafe,288.9383851,14.17986719
ZTF18aayeany,282.3120322,8.372817119
ZTF18aayecxd,281.3457327,12.11022976
ZTF18aayelqk,282.8307704,10.74102166
ZTF18aayhflx,292.9623393,15.17495831
ZTF18aayhgaf,288.4936008,15.28226803
ZTF18aayhimn,285.2905447,9.180321257
ZTF18aaynxtv,286.6485573,11.02516824
ZTF18aaynzoo,285.4504593,10.73108816
ZTF18aayuqdw,287.6367131,8.859692881
ZTF18aazfedh,292.2779958,10.21368641
ZTF18aazlspr,285.7706674,14.57752234
ZTF18aazmfjk,285.4165978,15.43305157
ZTF18aazuvbq,285.5719269,11.15832947
ZTF18aazvdjs,292.1588668,8.871520019
ZTF18ababuml,283.2967687,11.00944205
ZTF18abajzqv,288.4079631,13.55712486
ZTF18abarcsa,284.4731938,10.16365689
ZTF18abaygfq,283.2071883,15.44135764
ZTF18abayjdo,286.3811998,9.575205048
ZTF18abcswmt,285.0426109,14.90787024
ZTF18abcttux,288.8874987,14.81233074
ZTF18abdoqng,285.453081,13.31321468
ZTF18abebcrz,286.3535738,12.83561474
ZTF18abebfsp,286.9184349,11.16240975
ZTF18abebidh,288.7125995,15.26714812
ZTF18abebjbw,286.2058187,12.4915307
ZTF18abeesfq,285.3317775,15.19869549
ZTF18abercuf,286.9959428,11.97024321
ZTF18abfiocv,285.1220474,10.62292575
ZTF18abfxhdt,283.403461,11.32131244
ZTF18abgxpjc,284.6174588,11.19674069
ZTF18abhxikd,285.4382446,10.34994375
ZTF18abicwpg,285.0228393,10.1598291
ZTF18abidhnt,284.4788118,10.63921352
ZTF18abifwxj,287.1009936,10.67517685
ZTF18abjfnky,286.9251003,14.55347296
ZTF18ablifow,287.1454413,13.23805194
ZTF18ablikmc,284.9873473,9.397591303
ZTF18ablmvrt,283.7823252,14.86681878
ZTF18abmdfjb,283.2177217,10.98808806
ZTF18abmfbid,294.0635648,11.54213905
ZTF18abmfflg,295.337122,10.89452612
ZTF18abpmrlg,284.140206,12.63002564
ZTF18abqddjm,290.7210518,12.22224452
ZTF18abxblmq,93.53444389,17.74267646
ZTF18abzgpeq,92.29920753,17.49074476
ZTF18acbvoed,93.54907104,17.81375907
ZTF18adkclon,284.2702996,13.24468245
ZTF18adkcmkm,287.611765,15.16786528
ZTF18adkcxla,286.0391889,12.76650623
ZTF18adkwcnn,284.329297,11.33664458
ZTF18adkwdls,287.2070043,12.77427515
ZTF18adqfzue,292.1957747,11.92899585
ZTF19aamrevb,287.2478554,12.8356532
ZTF19abcpqbu,281.7302464,13.36841862
ZTF19acausjc,92.38652959,15.87791989
ZTF20aazltok,283.698976,11.06641882
ZTF20abrjzxx,283.4232147,14.45478977
ZTF20acmxbww,282.2510175,11.17988518
ZTF17aacmpbs,93.41230487,21.74269532
ZTF17aadevea,91.92248949,18.59482031
ZTF17aadsrzu,96.70895953,19.8888328
ZTF18aauemkp,286.1193291,15.23508025
ZTF18aawcdcq,288.1633009,13.35599387
ZTF18aawkrub,282.8771419,14.02216749
ZTF18aawsnpn,290.299956,10.94659812
ZTF18aaxaleb,287.1138943,14.10039921
ZTF18aaxaoau,284.1669378,12.98547967
ZTF18aaxaobu,282.7725205,13.40625896
ZTF18aaxddku,284.5698783,15.11177972
ZTF18aaxphpc,288.0129299,12.76067912
ZTF18aaxpopu,288.2488894,12.32542094
ZTF18aaxport,285.7189154,14.38384864
ZTF18aaxyuvu,286.4012556,14.35342543
ZTF18aaydzzm,288.4392703,15.10957095
ZTF18aayealv,287.692076,12.33112706
ZTF18aayecvw,281.5447301,12.10014691
ZTF18aayecwl,281.6009665,11.89596185
ZTF18aayedot,285.4245455,11.53891469
ZTF18aayeepo,287.4331361,14.2232445
ZTF18aayefcv,283.1437723,12.64428614
ZTF18aayefjl,288.7909113,15.46930982
ZTF18aayeijn,281.537817,11.17960428
ZTF18aaynzvi,288.1491685,14.04142371
ZTF18aayodhm,284.3905895,11.54325065
ZTF18aayuync,285.296835,10.05365118
ZTF18aayuzac,288.5453374,14.30452688
ZTF18aayvbcp,285.281085,12.62135711
ZTF18aayvcgi,285.200139,11.62010116
ZTF18aayvgbr,283.7859189,9.999003513
ZTF18aaywfom,288.1671294,11.24821185
ZTF18aazazkf,281.3194105,8.102933833
ZTF18aazdlir,281.4734355,12.51142008
ZTF18aazezpn,294.5982244,8.54353485
ZTF18aazmesy,286.1323891,9.000322718
ZTF18aazmgeu,288.5435145,11.22679932
ZTF18aazusbj,283.1358997,12.80205332
ZTF18aazuvbl,285.3647969,11.27933746
ZTF18aazuycw,294.3828103,9.366775345
ZTF18abaclny,294.4227649,10.83181328
ZTF18abajfjh,283.7699222,10.61302385
ZTF18abajjni,283.8909231,12.36093313
ZTF18abardhh,286.6513414,14.5253651
ZTF18abbkpeg,282.5376946,8.576021979
ZTF18abebeye,283.144982,9.048235944
ZTF18abebezi,286.2016064,10.71793352
ZTF18abebfsn,287.2222504,11.45941995
ZTF18abebgvq,288.2469412,13.87412547
ZTF18abebhdr,285.3180624,12.58612192
ZTF18abebjfy,286.4898889,12.51943025
ZTF18abebnae,284.5392643,10.54294113
ZTF18abebnaw,284.7616711,10.05171034
ZTF18abeboej,286.1471239,11.10065064
ZTF18abecdnj,292.7383355,9.576455847
ZTF18abeekff,281.4382109,12.05716379
ZTF18abegkwd,288.4651207,14.20855186
ZTF18abfiqfb,293.0565158,12.03821824
ZTF18abfrpds,286.0138221,10.59276669
ZTF18abfrpxo,287.1200905,15.21888707
ZTF18abgkepq,287.5935143,11.39884157
ZTF18abgubii,356.9777468,32.89573468
ZTF18abgxptw,287.508796,12.9080633
ZTF18abgxyqv,293.1432191,12.39758062
ZTF18abgzgme,285.3325423,12.78473327
ZTF18abicxbf,285.1695903,10.64495895
ZTF18abjnqls,286.0914773,10.71130777
ZTF18abkmldk,286.9032506,12.28606942
ZTF18abkmloa,283.3481778,9.216924411
ZTF18abligcb,286.1283013,10.44046662
ZTF18ablihqv,287.1050758,11.99447293
ZTF18abljsra,282.4558994,11.3590491
ZTF18abmfruu,287.5525151,13.40135343
ZTF18abmphgb,287.4954971,12.29053795
ZTF18abqclig,92.66145296,20.63456762
ZTF18abrsjoi,284.1679805,12.03619318
ZTF18absatwb,287.4888017,12.84988945
ZTF18acdwili,285.2423959,13.10800759
ZTF18adkbayw,285.4859225,9.35720539
ZTF18adkwiau,288.7116674,14.45147745
ZTF19aaoohys,285.3892492,10.30248669
ZTF19aasmvwa,288.3733128,12.50193981
ZTF19aawyuel,282.7209936,14.76853148
ZTF19abnlfxe,283.8946206,13.81997432
ZTF20aanldjl,283.6134674,13.45589957
ZTF20abemfhd,282.6273948,13.39971543
ZTF20acwrntj,286.3839995,10.484046
ZTF21aamaewp,295.4062246,10.02641461
ZTF23abifmux,289.7475752,14.88628623
ZTF17aadstte,94.451848,19.7203693
ZTF18aabubub,93.28947497,22.5106835
ZTF18aawacoh,282.8700369,13.14595324
ZTF18aawadiv,282.7521439,14.1727342
ZTF18aawccxg,281.340561,14.04535917
ZTF18aawkxgl,287.1690368,14.60783473
ZTF18aaxczfr,291.7077322,10.94387549
ZTF18aaxddjd,285.205101,9.670667101
ZTF18aaxddqc,288.2728451,13.40413899
ZTF18aaxnaew,287.6726471,11.61453836
ZTF18aaxnapi,294.9584003,15.09028169
ZTF18aaxnaur,284.1232562,13.15713687
ZTF18aaxytrr,285.3697535,13.47506474
ZTF18aaxytum,285.6694266,12.27760398
ZTF18aaxyuek,284.5714166,13.57296999
ZTF18aaydadl,290.1926578,13.12759073
ZTF18aaydbeb,285.4148295,9.482097644
ZTF18aaydsfn,282.7827082,8.181172298
ZTF18aaydzkz,284.1298496,8.62963664
ZTF18aayebhl,285.177303,12.82275445
ZTF18aayecqh,281.2849663,9.298095253
ZTF18aayelrp,282.1415265,10.57232906
ZTF18aayhina,285.6917543,9.626731178
ZTF18aaynzvp,288.4763746,13.76334336
ZTF18aayoapr,287.8733936,15.22272694
ZTF18aayoasd,283.1497422,9.256433628
ZTF18aayozxu,291.5490106,14.29033598
ZTF18aayvcem,294.5671226,10.11157764
ZTF18aayvcen,294.5947756,10.12612859
ZTF18aayvhdc,293.1395975,9.45895688
ZTF18aazdcwa,285.6415381,13.27884058
ZTF18aazfddg,293.5078207,8.771878885
ZTF18aazfekp,292.6950415,8.10511837
ZTF18aazlqjp,285.161191,13.24548943
ZTF18aazmegj,288.5267351,8.73577046
ZTF18aazmvfp,288.6600276,14.3861943
ZTF18ababolm,282.5830512,12.58368571
ZTF18abacssy,295.634879,13.38087519
ZTF18abayiax,284.3603257,13.81931491
ZTF18abbnkyo,287.2217034,12.50208469
ZTF18abbnnem,289.7997263,15.46785958
ZTF18abcnpjd,285.7705898,14.91918749
ZTF18abcofka,294.7110299,11.25170654
ZTF18abcvzpb,288.5185943,13.13079925
ZTF18abdkteu,294.3603869,12.34502304
ZTF18abdochk,283.5083595,9.280710771
ZTF18abebexh,286.1897805,10.65720149
ZTF18abebfsw,286.9375778,10.86855002
ZTF18abebwsb,287.6129189,15.33188936
ZTF18abfioao,283.8307943,9.200526958
ZTF18abfxhkg,282.7262336,10.8802045
ZTF18abhejtr,285.2871627,9.982952847
ZTF18abibscz,287.7293712,14.48463988
ZTF18abibtqz,285.0390843,14.57564266
ZTF18abicyys,286.0496087,12.05410905
ZTF18ablimlb,285.3434931,11.13003842
ZTF18abmdebh,295.57112,10.2291865
ZTF18abnpggt,295.4801938,13.50804354
ZTF18abujeag,91.91565567,15.40951894
ZTF18abywasq,287.0851894,14.92154753
ZTF18aczwkjn,96.83077126,21.51901435
ZTF18adbjzut,96.3129958,20.13922882
ZTF18adjsouo,281.4369639,8.468049261
ZTF18adjsouz,281.6363396,8.843532055
ZTF18adjzozs,287.6717098,13.97539733
ZTF18adkcmkj,287.2139676,14.83408531
ZTF18adkwula,295.3611846,13.14908839
ZTF18admsjti,293.1266643,12.51848162
ZTF18adqfyrh,294.2330822,8.426081642
ZTF19aadotwv,264.0851947,8.20903785
ZTF19aasmbfc,292.5312366,13.81226177
ZTF19aavvdfa,287.2900097,9.513445939
ZTF20aazoiyl,281.9370261,12.48956548
ZTF17aaatdqn,93.52667302,18.20558275
ZTF17aacmlho,93.05368701,21.27937343
ZTF18aablirh,92.92439554,20.53305637
ZTF18aaslfoy,281.325028,15.23238322
ZTF18aauemnj,286.2434314,15.45838116
ZTF18aavedkf,282.1577554,14.98179497
ZTF18aavyqpj,288.3642732,12.99840615
ZTF18aawacmu,281.2259794,13.24333883
ZTF18aawadhx,281.1599152,14.53498702
ZTF18aawkpna,284.5841137,13.1593
ZTF18aawspjr,285.0460686,9.550522345
ZTF18aawuzhq,283.1800031,14.19338252
ZTF18aaxalaj,288.3877056,14.9312297
ZTF18aaxalmu,287.3511498,15.19707814
ZTF18aaxcyrw,292.3614431,14.95778002
ZTF18aaxcywo,291.2402797,14.60218639
ZTF18aaxddkr,284.1591854,14.90780388
ZTF18aaxddpl,282.5227134,14.46807495
ZTF18aaxddrb,288.4606167,11.09148889
ZTF18aaxiitn,284.9978865,13.02075008
ZTF18aaxnahr,285.9285311,10.86184809
ZTF18aaxphon,283.7948511,13.88056899
ZTF18aaxytby,286.8923656,10.91211319
ZTF18aaxyugh,287.1578238,12.21629847
ZTF18aayczyh,290.4910072,14.52244166
ZTF18aaydcsn,288.5913318,12.81758866
ZTF18aaydzpp,287.0521895,8.42315961
ZTF18aayeaeo,285.9176525,10.38167474
ZTF18aayeccv,287.3252185,14.92425356
ZTF18aayecvy,281.5355402,12.4195278
ZTF18aayedpc,285.6943707,11.29962482
ZTF18aayedqe,285.1259143,11.04082967
ZTF18aayedvx,284.3393578,11.50599113
ZTF18aayedxi,284.3280784,11.52872899
ZTF18aayeevy,282.100194,12.2344025
ZTF18aayejni,283.4902143,11.26486803
ZTF18aayelqn,282.3334976,10.47996894
ZTF18aayelqu,282.5612769,10.4605391
ZTF18aayhfjh,287.9038564,11.29619957
ZTF18aayhfky,287.8167445,12.89392529
ZTF18aayhgbq,288.1738825,15.34318796
ZTF18aaynsyg,288.5251777,8.29185373
ZTF18aayocqm,284.7906379,10.75047032
ZTF18aayodhv,284.3578199,11.52957639
ZTF18aayofec,287.5344662,13.17063792
ZTF18aayojai,283.4407259,12.60017451
ZTF18aayvfvs,285.515258,12.95610238
ZTF18aazdcyl,283.2459307,9.725079774
ZTF18aazfebz,292.5114126,10.74251538
ZTF18aazmegs,288.3452556,8.449486265
ZTF18aazsoss,288.9186081,12.65673237
ZTF18abaaxjq,285.1240622,9.740423171
ZTF18abajbux,284.9897322,13.00305314
ZTF18abapyzt,288.6711146,12.65192906
ZTF18abaqyxy,287.8412307,14.53909657
ZTF18abarhpr,282.6558289,12.58348831
ZTF18abbnzet,293.6894095,9.500730422
ZTF18abcfwmy,285.770904,8.739098388
ZTF18abcgrkg,285.969962,14.59216297
ZTF18abcoisy,292.628352,12.08557991
ZTF18abcpztu,283.0974149,14.48028862
ZTF18abdksrd,283.5396662,9.283275059
ZTF18abdnwnq,291.7486376,12.76631359
ZTF18abebexm,286.1807791,10.69083502
ZTF18abebftd,287.1047082,11.57015413
ZTF18abebhbd,281.8968464,12.59900128
ZTF18abebhct,285.6673275,12.5254531
ZTF18abeeimd,284.724082,13.12042606
ZTF18abfjmbl,282.080737,13.13316583
ZTF18abfrpwk,286.9898305,13.99844383
ZTF18abfrpwx,287.0953904,14.55556775
ZTF18abhofgc,292.9679423,9.326483698
ZTF18abhxjho,286.4385025,14.12227443
ZTF18abigatx,286.0549601,10.26033181
ZTF18abiuqxp,284.3328084,14.14018036
ZTF18abiusap,282.6427036,13.36724423
ZTF18abjartf,287.6031448,12.17799046
ZTF18abjfluq,285.2029457,12.85885705
ZTF18abkmqsk,284.2556713,13.48854277
ZTF18abllorq,284.5854304,11.64768879
ZTF18abqblwg,291.0381122,12.27246372
ZTF18absjhgz,287.480977,14.10993749
ZTF18accxjah,285.1811214,12.88521884
ZTF18acexcjx,96.32377888,19.53235004
ZTF18acuxbmn,93.23366971,15.25949819
ZTF18adjzozo,287.1950342,13.85405713
ZTF18adkonwy,285.9181839,13.47440871
ZTF18admespz,282.626649,10.55991554
ZTF18adqfzku,292.7781957,10.46893558
ZTF19aaimoyb,288.0324799,12.90780329
ZTF19aatueyj,295.0637015,9.217609822
ZTF20abystxs,282.7207407,15.15113325
ZTF23abaurha,282.3734089,14.98499168
ZTF17aacrvzw,92.42399273,15.38184913
ZTF17aadsrfd,98.96983072,21.43096032
ZTF18aajtltx,274.3822857,58.49363601
ZTF18aauolwx,281.6213561,15.08608709
ZTF18aavedjt,282.1404821,14.7123425
ZTF18aavefvr,285.813852,15.38057421
ZTF18aaveluq,287.5352585,15.41694203
ZTF18aavelyy,287.0749753,15.40128271
ZTF18aavyoqh,281.4178641,14.02274249
ZTF18aavyoqi,281.5115066,14.01576247
ZTF18aawacbg,284.33993,13.24145325
ZTF18aawacct,287.9299137,14.99560015
ZTF18aawacnv,282.4114427,12.99171739
ZTF18aawadfz,285.4288121,14.61886236
ZTF18aawvaao,288.5280837,15.21205671
ZTF18aaxdkba,285.7550138,12.19013004
ZTF18aaxppqf,287.6105436,13.02260772
ZTF18aaxythp,286.1606168,11.42857014
ZTF18aaxyvni,287.3204326,14.21091678
ZTF18aayedwv,284.3324822,11.27291778
ZTF18aayeeco,284.2613545,11.36966431
ZTF18aayejok,283.1205449,11.13461964
ZTF18aayhgak,287.9061578,14.87306987
ZTF18aaynxyv,285.9215794,9.959936888
ZTF18aaynzog,285.7218224,10.04164198
ZTF18aayoaug,287.0627369,12.05237956
ZTF18aayodnp,287.0216872,14.38461518
ZTF18aayowtk,293.5433286,13.87049838
ZTF18aayurvd,288.379903,8.085964901
ZTF18aayvbcy,285.2222988,12.32299931
ZTF18aazdgyd,284.5626508,14.39914584
ZTF18aazdgyi,284.6497314,14.07163488
ZTF18aazdkdy,283.2040996,10.60279541
ZTF18aazfadm,292.7278282,9.426279191
ZTF18aazluez,284.533075,10.95391981
ZTF18aazmemt,289.2598458,13.31104184
ZTF18aazmibq,288.7881089,13.34534913
ZTF18aazsorp,288.6367685,12.20682105
ZTF18aazsquq,292.9520516,14.53212239
ZTF18aazurxy,287.3329315,12.03454154
ZTF18ababkpm,285.9781066,10.33220381
ZTF18abablio,286.9302092,12.43716749
ZTF18ababpxn,284.4210858,10.25291458
ZTF18abaqaws,293.5032584,14.09106211
ZTF18abbnjfv,286.0556485,12.01581798
ZTF18abcnmeu,284.2868782,8.795336393
ZTF18abebbjf,287.3408314,14.90561361
ZTF18abebezf,285.9495372,10.43207056
ZTF18abebfsj,287.4717312,11.49570704
ZTF18abebhcx,284.9818151,12.15175901
ZTF18abebmxx,284.2151551,10.74020493
ZTF18abebnao,284.772773,10.27917174
ZTF18abebobr,286.2107426,10.96058602
ZTF18abebooi,282.8549598,12.03566004
ZTF18abeerqr,287.5729903,11.42785578
ZTF18abfrpwp,287.625312,14.08607217
ZTF18abgrhym,285.255089,10.289595
ZTF18abgxpdo,282.4725296,11.00278665
ZTF18abhbhwd,240.3221114,79.74373921
ZTF18abicnfq,286.9897334,11.44742274
ZTF18abicwkf,285.4790057,9.986773197
ZTF18abicwrh,285.557751,10.68088284
ZTF18abiuoem,285.9016791,10.19515491
ZTF18abjarts,287.3817468,12.52381804
ZTF18abjwfcf,286.9480025,14.77660259
ZTF18ablixlf,284.24072,12.93640928
ZTF18abljnkk,287.1276628,13.93647342
ZTF18abmpaes,286.6614036,14.28232891
ZTF18abmvquk,290.2434892,10.33090773
ZTF18acceffq,287.0406652,12.80994107
ZTF18acessvo,283.3482529,8.831947917
ZTF18acqrglu,120.1220125,70.52140629
ZTF19aaeqydv,96.88825822,19.8936083
ZTF19aatidep,283.0956694,9.229609332
ZTF19abbwyuz,288.4832473,8.179270798
ZTF19abhfwqj,286.2625055,9.608483715
ZTF19aburnjy,121.8548383,70.63831959
ZTF21abfaemg,293.9255698,10.66811786
ZTF21acmsijj,282.6396121,12.37861514
ZTF22aajsjdq,286.2272657,11.48569383
ZTF18aavedjc,282.5003511,14.76851418
ZTF18aaveluj,287.1932177,15.39593201
ZTF18aawacwg,287.5376652,15.22012203
ZTF18aawkuhk,285.5355522,14.51212438
ZTF18aawkxau,281.4383104,13.91205105
ZTF18aawkxgj,287.1147352,14.49821393
ZTF18aaxahvh,289.7755432,8.175031352
ZTF18aaxcyqn,288.500496,9.363336481
ZTF18aaxddka,283.5909266,13.97264198
ZTF18aaxltlh,287.2945278,15.22747267
ZTF18aaxnbth,282.4037206,10.88012159
ZTF18aaxypla,290.6296633,13.52325349
ZTF18aaxysxu,287.8311967,10.57815319
ZTF18aaxytao,284.2134745,8.599769727
ZTF18aaxyths,286.1997903,11.52296549
ZTF18aaxyuhr,284.2264971,11.9442748
ZTF18aaxyveo,287.5812403,12.82397715
ZTF18aayeaxn,284.4243269,10.44021717
ZTF18aayedod,285.1369233,11.60262927
ZTF18aayedpm,285.2476222,11.37135078
ZTF18aayeirk,281.6045124,10.84862472
ZTF18aayejlp,283.9055885,11.34835477
ZTF18aayejno,283.2930165,11.14959902
ZTF18aaynvvf,287.6983894,11.23311922
ZTF18aayojar,283.226096,12.52743176
ZTF18aayuwms,286.1386281,10.0386813
ZTF18aayuwxk,286.4353636,11.18036072
ZTF18aayvclm,294.3564036,9.43550759
ZTF18aayvhgz,292.9014417,8.988936139
ZTF18aaywchu,286.2657577,9.039870098
ZTF18aazdgon,285.3268791,10.44695985
ZTF18aazfafg,292.5248078,9.262369129
ZTF18ababmtp,284.2568378,14.08898657
ZTF18abaiwai,289.1522181,15.04047112
ZTF18abaiymh,285.8649425,10.26368003
ZTF18abajdjt,290.1569437,8.574613885
ZTF18abcfwmz,285.7136236,8.860480442
ZTF18abcfwnj,285.3333419,8.396047201
ZTF18abcgttz,291.5195497,10.38529779
ZTF18abcjfvj,290.7450392,12.66348115
ZTF18abcohoh,292.4269393,10.55064384
ZTF18abctttr,294.044837,15.37081512
ZTF18abcubnb,290.9561661,8.792937917
ZTF18abebeyf,283.8026121,9.372976182
ZTF18abebeyy,283.7912153,9.576912602
ZTF18abebftx,287.6223695,11.56263975
ZTF18abebgwt,288.2605209,14.0851015
ZTF18abebhbj,281.5507925,11.97364884
ZTF18abebnck,284.5449682,10.28627751
ZTF18abfrqfk,285.3345403,12.71168859
ZTF18abgzggk,285.4839925,12.91434122
ZTF18abicgkw,283.1057749,14.22892049
ZTF18abicwpp,285.268644,9.954783157
ZTF18abigaub,286.243241,10.76466651
ZTF18abkmlxw,285.7473001,10.08626902
ZTF18abkmnuk,283.879075,10.35164537
ZTF18ablirii,287.6259191,14.95860208
ZTF18ablngjt,286.0690706,10.1631166
ZTF18abmhvum,295.5466271,14.06762525
ZTF18abnxavs,285.5383815,10.35327075
ZTF18abrugpe,288.7128331,14.07818345
ZTF18absrukg,283.499223,12.29917529
ZTF18abujdau,94.33221829,22.45198974
ZTF18abxwstf,286.9828707,11.36431687
ZTF18acsvtnf,286.9973907,14.98503822
ZTF18admcunq,289.3910325,15.05213129
ZTF19aaghvjo,282.6952912,12.62491238
ZTF19aagjeui,287.0719163,11.38364986
ZTF19aaovwew,283.70983,11.30555411
ZTF20aavthme,288.1201774,14.93449802
ZTF20abqluec,91.72852274,20.65452177
ZTF20acnwfym,287.6388351,12.97644762
ZTF21aakjikf,285.4757502,10.77691167
ZTF17aaatbpg,91.81604672,19.4999897
ZTF17aadssbz,97.78944855,21.53483574
ZTF18aaslfqi,281.7226999,14.99726878
ZTF18aavedkl,282.1785541,14.68421498
ZTF18aavypxm,283.6713925,15.26183632
ZTF18aawacbv,284.6818925,12.93680881
ZTF18aawacjk,286.1421949,15.16999405
ZTF18aawacms,281.8006932,12.98446904
ZTF18aawaddp,283.9961479,14.78158659
ZTF18aawszoa,282.8840242,14.22534608
ZTF18aawvbca,283.4100326,13.32628906
ZTF18aaxddtq,281.5224968,14.54788708
ZTF18aaxdkmf,282.6578241,12.93619665
ZTF18aaxykuj,283.6806365,14.62452959
ZTF18aaxythr,286.0064742,11.20941232
ZTF18aaxytrd,285.068995,13.44109872
ZTF18aaxyufp,287.5806992,12.32304579
ZTF18aaxyujl,287.4139911,14.95425328
ZTF18aayecdg,287.5373969,15.2260091
ZTF18aayedpv,285.2912829,10.86463395
ZTF18aayedwo,284.2128567,11.61618173
ZTF18aayeeuc,282.6819519,11.92683056
ZTF18aayeewh,282.5136415,12.3267211
ZTF18aayejnp,283.4039574,11.53865412
ZTF18aayhgbw,288.1805232,14.67132188
ZTF18aayoash,283.8732573,9.499278211
ZTF18aayoath,283.1037332,9.156222073
ZTF18aayodee,284.4774988,13.07922885
ZTF18aayvcnh,294.2469216,9.339412712
ZTF18aayvkjw,294.9047637,11.08345873
ZTF18aaywehe,281.9944689,14.15188905
ZTF18aazupza,285.7799417,12.94466018
ZTF18aazurzk,288.0657883,14.2073089
ZTF18aazuxop,293.2451482,13.09165339
ZTF18aazuyen,294.5146536,9.384707255
ZTF18abaarhv,283.5365967,14.42412336
ZTF18ababoqy,285.0999862,12.13040736
ZTF18abaqyyk,288.4278036,14.19039017
ZTF18abareij,286.1869108,14.97269713
ZTF18abayfnk,288.446872,8.943992729
ZTF18abbdguv,284.2483569,11.17067245
ZTF18abbnvwk,290.7728671,8.618174944
ZTF18abbszky,284.3960652,12.81575052
ZTF18abcfwny,288.4911232,8.558353216
ZTF18abcnmec,284.1769146,8.624706371
ZTF18abcnmeg,284.3757761,8.554285257
ZTF18abcnmmf,293.1704528,15.27760073
ZTF18abcojzy,285.1848321,14.14285745
ZTF18abctyyf,286.9860799,15.09234696
ZTF18abdkssy,294.4333012,15.31623801
ZTF18abdkteh,294.2100831,12.59328987
ZTF18abebcgr,292.8104085,13.91838615
ZTF18abebcvx,285.462052,9.166625041
ZTF18abebftc,287.1885698,11.02308596
ZTF18abebmuy,284.2955264,10.10473924
ZTF18abeerpx,287.1775708,11.64420355
ZTF18abfjlyt,282.7701638,13.39698531
ZTF18abgrjyi,284.3146369,10.24237021
ZTF18abgsqrc,287.5954888,10.96207647
ZTF18abgybwk,293.724455,12.93353648
ZTF18abicamv,287.921208,14.20047204
ZTF18abidbxr,286.0717797,11.23765347
ZTF18abiuoey,286.5463656,9.963551958
ZTF18abjartm,287.6252733,12.12532827
ZTF18abjnqmu,285.7639679,10.23415454
ZTF18abkmnnm,286.3333152,11.89991569
ZTF18ablieut,281.4783871,12.85774227
ZTF18ablignm,285.6390003,10.96766339
ZTF18ablihyl,283.2956819,9.152240154
ZTF18ablmvqd,282.3220481,12.89290822
ZTF18ablqtwa,290.5007766,12.46241979
ZTF18abnozgw,286.5071902,9.482739518
ZTF18abnwxfv,284.3743029,13.12629212
ZTF18abnxavi,285.7981876,10.55764095
ZTF18abrucxc,292.1813865,9.989483249
ZTF18abttktr,93.48430604,20.47312348
ZTF18abyltfb,287.4624995,12.51365546
ZTF18acadcak,283.1441311,8.511910752
ZTF18adjzodz,284.1177066,13.04984444
ZTF18adkclmu,283.4274385,12.7859501
ZTF18adkcxdp,286.9042756,10.54151032
ZTF19aaimrvp,287.236529,12.3326567
ZTF19aaphvgq,294.2448259,13.12867331
ZTF19abcpqeg,287.8435099,11.00895416
ZTF19abliadt,284.649805,8.324048498
ZTF20aanwnup,93.13751673,16.71796315
ZTF20aappndi,293.9518993,8.522958171
ZTF22aaapezf,287.1999988,11.96033427
ZTF17aaaagmf,95.37535537,16.61570053
ZTF17aacryzy,97.74150309,16.00911266
ZTF17aacshbn,94.35541146,16.44269355
ZTF18aagqggr,94.08552155,20.73262606
ZTF18aaphyab,97.03780659,19.82172269
ZTF18aauempi,286.5654808,15.47516631
ZTF18aawacbs,284.7694354,13.45577739
ZTF18aawacgn,287.2467856,14.17657099
ZTF18aawacwl,287.0802561,14.88217804
ZTF18aawadds,284.4065062,15.40064181
ZTF18aawadiy,282.3380663,14.54670819
ZTF18aawcchz,287.8754403,10.92717415
ZTF18aawkpnj,284.6699075,12.96988705
ZTF18aawuzfz,283.555307,15.11900671
ZTF18aawvgbf,285.2880791,14.43547927
ZTF18aaxaktp,284.5793616,15.09529128
ZTF18aaxallo,287.6706095,15.07194166
ZTF18aaxlsxl,286.1312065,12.22070482
ZTF18aaxyucr,294.7395833,15.02773748
ZTF18aaxyurd,285.6077915,14.46153642
ZTF18aayeapb,282.5507253,8.668164011
ZTF18aayedpy,285.4745884,11.6424762
ZTF18aayefco,283.3894972,12.11307424
ZTF18aayeirb,281.5598267,11.13349663
ZTF18aayhgav,287.8621554,15.41242662
ZTF18aaynzno,285.290891,10.41736962
ZTF18aayodsk,284.5202072,12.084744
ZTF18aayoohi,283.1450453,11.38725691
ZTF18aayuvru,287.2637159,10.90747475
ZTF18aayvejd,286.9293921,13.99503547
ZTF18aayvgaw,283.3905792,10.26204599
ZTF18aazfeju,292.5496065,8.112272602
ZTF18aazlsgj,285.2341184,12.24467234
ZTF18aazlujw,283.5435091,8.245371261
ZTF18aazmejk,291.0944454,14.80370221
ZTF18aazmesq,285.8676341,9.740351981
ZTF18aazsnoa,289.7128319,12.58204607
ZTF18aazsqum,293.3918664,14.09822645
ZTF18aazsrot,285.001507,9.747794556
ZTF18aazusxf,284.7733394,11.92515947
ZTF18aazutun,294.9409297,12.66136626
ZTF18aazuxfz,292.5697954,10.17969079
ZTF18abaaqgk,287.0244767,10.61259372
ZTF18abablyp,282.5747207,13.38870867
ZTF18abarbui,285.7882068,10.36779069
ZTF18abarjjp,287.6281275,12.77030386
ZTF18abayfvh,283.1756382,8.4682113
ZTF18abbnnmu,281.529328,13.03674828
ZTF18abbnqom,284.5895433,12.00607884
ZTF18abchmws,289.0190694,8.580058974
ZTF18abdcjro,282.4221965,15.26987644
ZTF18abdcjtt,285.957405,13.32224767
ZTF18abdktdm,294.6391852,12.63610707
ZTF18abebeyj,286.096109,10.48527337
ZTF18abebftk,287.5195085,11.27386475
ZTF18abebohg,286.0376498,11.24722073
ZTF18abfalof,289.700474,12.85247615
ZTF18abfseul,291.1192229,13.87674019
ZTF18abgzgny,285.0008204,12.97728278
ZTF18abicqym,282.4672176,12.96215736
ZTF18abicwmj,285.2657054,10.716085
ZTF18abjfiey,282.8895105,10.88135377
ZTF18abligpm,287.4750838,11.98406141
ZTF18ablihlw,287.8084651,13.93890493
ZTF18abliijl,287.4508035,12.1538166
ZTF18abljfvz,287.9653417,14.32606966
ZTF18abljlxk,286.9121572,12.00200666
ZTF18abmdgst,285.169984,10.56092787
ZTF18abmfrun,287.6697565,13.10658372
ZTF18abmgnkt,293.3577526,13.36971806
ZTF18abmgvvy,289.6456893,10.98511672
ZTF18abpmpqi,286.5575027,14.5340082
ZTF18abptynk,291.6402334,12.68341017
ZTF18abqdgdz,290.9183173,8.641427437
ZTF18abrrkpo,291.4645469,12.68351158
ZTF18abrvycp,291.1393572,12.50958536
ZTF18absmjgb,288.1243688,13.00006929
ZTF18adjvtdj,281.7061175,14.51408368
ZTF18adkclzm,285.2372007,14.42797867
ZTF18adkcxpf,284.3832848,13.95858304
ZTF18adkmysn,293.2112597,14.07834574
ZTF18adkupdk,283.7996295,12.10514056
ZTF18adkuuhi,284.5476473,8.243520082
ZTF19aaadejs,97.20858639,20.6091175
ZTF19aannfpw,283.6366042,13.25905486
ZTF19aasruih,318.7563676,58.37743748
ZTF19aatpyhf,292.9485487,9.044048897
ZTF19aavnfji,287.0348627,12.98512407
ZTF19abnlxov,284.47434,14.49564421
ZTF20aaygoor,293.4172569,15.46258927
ZTF21abgyefp,293.0760522,8.552723677
ZTF17aacrvcx,92.36194192,20.61550521
ZTF18aawacbo,284.2489457,12.99003182
ZTF18aawacmw,281.8690253,13.36448988
ZTF18aawacvx,287.668774,14.74124839
ZTF18aawccxe,281.9875092,13.9136088
ZTF18aawkncs,288.5705592,15.14505417
ZTF18aawkpng,284.1181292,13.41695583
ZTF18aawzudh,293.3071107,15.12326226
ZTF18aaxdjzk,286.0742116,13.48233229
ZTF18aaxdlin,282.1529688,11.6274705
ZTF18aaxjczo,288.1913279,11.38953138
ZTF18aaxpnrt,293.5019079,14.75128688
ZTF18aaxysyv,282.2875221,8.10541883
ZTF18aaxytju,286.4891694,10.14347384
ZTF18aaxyugu,289.1122749,15.29221476
ZTF18aaxyuxl,286.6716566,13.91170494
ZTF18aaydaoq,288.3089777,13.52609452
ZTF18aaydcok,283.1684972,14.05257908
ZTF18aayecdp,286.6514354,14.69122005
ZTF18aayeipg,282.0107216,11.45960257
ZTF18aayelte,282.5169681,10.28012796
ZTF18aayhgbf,288.127231,14.86679904
ZTF18aayoeyn,285.595617,10.87306849
ZTF18aayoraa,282.479766,10.39503358
ZTF18aaypajb,287.7907794,12.937255
ZTF18aayvfoy,284.0982704,12.20844595
ZTF18aazdbxy,290.6191764,8.22569498
ZTF18aazdbyj,290.4556312,8.281657832
ZTF18aazdeck,281.3418316,13.17198275
ZTF18aazfddt,293.5156355,8.470320933
ZTF18aazmegd,288.1713294,8.53761795
ZTF18aazmemp,289.2518505,13.21013952
ZTF18aazsquc,293.6944452,13.99579703
ZTF18aazusti,285.3256095,14.32894906
ZTF18abajfqs,283.9718894,11.32699575
ZTF18abarbul,285.3844931,10.63389313
ZTF18abarjad,289.5171058,14.91743421
ZTF18abayfvc,283.6787649,8.8055679
ZTF18abbnoqz,284.3578217,10.13399546
ZTF18abccplb,285.2630988,14.02289323
ZTF18abcoiso,285.6685977,10.74471324
ZTF18abdktag,286.9697228,12.85147945
ZTF18abebjai,285.9260608,12.15666687
ZTF18abervxc,286.3599671,15.27836328
ZTF18abfrnsg,286.4795734,13.38704755
ZTF18abhepxv,283.6633908,9.236448758
ZTF18abibhnf,287.8512683,11.12991542
ZTF18abijjqs,286.6342213,14.83241107
ZTF18abjkrxf,290.3474525,10.12568946
ZTF18abjksei,288.7839849,12.28230662
ZTF18ablifcq,286.3088699,8.731539454
ZTF18abligpw,287.5597091,12.14750397
ZTF18abllono,284.6991828,11.10414614
ZTF18abmdhiq,285.7710419,12.15831361
ZTF18abmrnlb,292.9674983,12.53803088
ZTF18abnozux,282.7335979,10.46342452
ZTF18abnxlcr,286.5248933,14.07633137
ZTF18abrrkss,292.2241663,8.82821117
ZTF18abrszsd,292.9663282,13.29210308
ZTF18abtnurs,288.9943388,12.25721099
ZTF18acceeiv,288.1468669,14.34861564
ZTF18acmdacv,286.1101768,13.97159117
ZTF18acsvwje,326.8520986,29.17369066
ZTF18adjsovc,281.4089434,8.622281522
ZTF18adjzocx,283.4559994,13.24537845
ZTF18adkbjjt,287.8490218,14.1071967
ZTF18adkcmjg,288.4070903,14.58345201
ZTF19aaimlaf,288.0805694,13.35030316
ZTF19aaqathi,286.0985902,14.50874107
ZTF19abfevft,285.7705781,9.054541213
ZTF20aaybkxs,285.9436651,11.59845287
ZTF17aacmmvu,97.22305989,18.16502947
ZTF17aacthvn,98.01039479,21.74822535
ZTF17aadnivw,92.12267635,18.00011472
ZTF18aawacbm,284.7449306,13.04023925
ZTF18aawadit,282.8368572,14.25462426
ZTF18aawkxgb,287.4973478,13.94279535
ZTF18aaxcyqg,289.3865638,12.74881703
ZTF18aaxddqw,287.9108735,11.51812193
ZTF18aaxdksv,287.2188879,13.18290207
ZTF18aaxypwz,288.9568007,13.05096931
ZTF18aaxytgm,288.0309996,14.80131364
ZTF18aaxyufw,287.1372169,12.28676644
ZTF18aaxyuvj,285.9711461,13.84692292
ZTF18aaxyuvz,286.1697998,14.56087046
ZTF18aayeaqc,282.509253,8.506742871
ZTF18aayeawx,284.1923822,10.2344562
ZTF18aayedow,285.3351613,11.49141724
ZTF18aayeipe,281.5779215,11.01174005
ZTF18aayejnc,283.5415582,11.50031622
ZTF18aayejoz,283.735951,11.10224934
ZTF18aaynxyz,286.2272471,10.53503286
ZTF18aayobew,281.3588939,12.78090412
ZTF18aayocqc,284.3953505,10.2189217
ZTF18aayoglc,283.7422659,13.32166918
ZTF18aayogtc,281.6150263,12.37688551
ZTF18aaypbpb,286.9469701,10.41173603
ZTF18aayvbiw,293.5367628,13.22295556
ZTF18aayvceu,294.5368313,10.29987269
ZTF18aayvcfu,285.751852,10.94712981
ZTF18aazdfof,283.7497844,13.23335463
ZTF18aazdilm,287.5688849,14.09048249
ZTF18aazfeag,292.0595945,11.96806632
ZTF18aazlspl,285.5282118,14.57307428
ZTF18aazmfqr,288.1319853,12.85963986
ZTF18aazuygv,292.5155586,12.11757079
ZTF18abaapmj,282.0311697,8.607172714
ZTF18ababmrj,284.4530576,13.0996236
ZTF18abachuh,294.8607118,8.312042537
ZTF18abaivpj,288.8887275,8.869546539
ZTF18abcgpib,283.8325768,11.28499309
ZTF18abchmwy,289.0274335,8.358784401
ZTF18abcnoij,281.3768614,8.865493467
ZTF18abcnqkd,291.4704339,11.54631636
ZTF18abcokjc,283.4003011,10.26664576
ZTF18abdebrl,288.2534891,14.72542925
ZTF18abdksvu,286.1576722,14.8317873
ZTF18abdljvw,294.5227747,15.40714638
ZTF18abebeyk,286.2731175,10.72860308
ZTF18abebfrt,287.029753,10.92398399
ZTF18abebftv,287.2415823,10.83152249
ZTF18abebhjw,288.2734975,14.32707604
ZTF18abebums,288.4274183,14.65157297
ZTF18aberejy,283.7882203,10.51274107
ZTF18abgslhc,292.0950727,13.83204101
ZTF18abgzack,290.7958454,9.973607048
ZTF18abjarsp,287.0845056,12.0527832
ZTF18abkjoey,283.2454108,11.34639266
ZTF18abmdgwj,283.5913138,9.422241262
ZTF18abqaviv,284.4269652,8.361714541
ZTF18abrrnnu,293.3228924,15.13221917
ZTF18abrrzeq,284.0976155,10.64982812
ZTF18abxjcfl,98.26792129,21.32312783
ZTF18acadhkx,287.5586791,11.40246217
ZTF18acugdum,289.9088754,14.55402835
ZTF18adjxszn,288.9117675,8.986953768
ZTF18adkbjji,288.646243,15.38123354
ZTF18adkcxwc,282.3945098,11.03709457
ZTF18adkefcr,285.4784868,12.90544524
ZTF18adkgjzh,286.8842767,10.3415102
ZTF18adkpoun,292.2961695,14.70799334
ZTF18adnbork,283.7390984,10.85926179
ZTF18adqfzlp,292.1872995,10.30320122
ZTF19aaaioff,96.2419913,17.69027815
ZTF19aaprlvm,285.1754732,12.00611479
ZTF19aaqyvxj,282.3033131,10.41219895
ZTF19aausrfj,294.6396846,11.61182501
ZTF19aavanxr,290.6308238,8.569247224
ZTF20abebbgz,285.3039081,9.091646097
ZTF21aaymcjz,284.0725202,12.26161385
ZTF22ablhufv,93.11081641,19.40255398
ZTF17aacsclx,92.12552338,16.46092722
ZTF18aaphvxq,95.27638785,19.89504481
ZTF18aavedja,282.5800609,14.94433366
ZTF18aawaddl,284.5556977,15.10612433
ZTF18aawadga,285.117192,14.16476543
ZTF18aawadhp,281.699149,14.03010736
ZTF18aawadhy,281.1692487,14.11571644
ZTF18aawadlp,283.2805835,13.31083419
ZTF18aaxakwd,283.499693,14.34883215
ZTF18aaxakzt,286.6216613,15.31224349
ZTF18aaxcyrv,292.8722835,14.67452548
ZTF18aaxcyxf,290.3379797,11.64340432
ZTF18aaxddpr,282.835187,14.92007187
ZTF18aaxdksp,287.3295775,12.74511484
ZTF18aaxlttm,285.9175669,14.7382565
ZTF18aaxmyik,284.3584285,15.10028147
ZTF18aayddyz,288.2167864,11.5630776
ZTF18aayecwn,281.3658917,12.00440075
ZTF18aayecxb,281.8013691,12.52148397
ZTF18aayedwn,284.6558458,11.48630517
ZTF18aayefaj,283.4348394,12.38640102
ZTF18aayeirz,281.316603,10.93013644
ZTF18aayhgaz,288.2314527,14.89031137
ZTF18aayhgbt,288.5148192,14.71773226
ZTF18aayhimw,285.4392368,9.678203412
ZTF18aayoasb,283.7305796,9.458434941
ZTF18aayodil,284.4802519,10.84584309
ZTF18aayohdq,281.4740296,11.57334158
ZTF18aaypamb,285.3843756,15.00603708
ZTF18aayvbil,293.0109128,13.04354066
ZTF18aayvced,293.9970686,10.2054054
ZTF18aayvgbc,283.563001,10.49936553
ZTF18aazdlgd,281.6031156,11.25251896
ZTF18aazfdxo,292.4995775,12.32216724
ZTF18aazlneg,286.9780023,10.98279592
ZTF18aazlsfo,284.1597944,13.21229594
ZTF18aazmvfn,288.8796361,15.43647415
ZTF18aazsqut,293.2589796,14.07601882
ZTF18aazupyy,285.7048105,13.3604156
ZTF18aazuqsw,286.1740914,11.10123192
ZTF18abahtja,284.5743132,14.78076759
ZTF18abajamt,293.5484358,13.36688297
ZTF18abarhmt,292.4527293,13.33354457
ZTF18abbdqon,285.1448655,14.13543295
ZTF18abbkngm,285.9114189,8.280483473
ZTF18abbnjei,286.0817594,12.92853515
ZTF18abbrikh,293.1424828,13.92988775
ZTF18abbtciw,282.1404015,12.42780624
ZTF18abctxkg,283.3140545,9.236604254
ZTF18abdktfa,293.09517,11.98414523
ZTF18abdodac,286.9319629,11.48093106
ZTF18abebfak,286.0805923,10.69024237
ZTF18abebfsb,286.9626627,11.35653088
ZTF18abebftn,287.1360374,11.08694074
ZTF18abebgvo,288.2825355,14.14028439
ZTF18abebgwl,288.6029473,14.0673251
ZTF18abebmwg,284.3967471,10.45293001
ZTF18abebnvm,286.3420922,11.45844621
ZTF18abebojz,286.2005342,11.45215072
ZTF18abeegfl,284.9944726,10.40028556
ZTF18abeeiex,285.147829,14.00732559
ZTF18abefyhs,282.4253484,8.186823834
ZTF18abfjkrx,283.6766341,12.77172834
ZTF18abgkepa,287.0486648,11.13314546
ZTF18abgybwm,293.3536581,13.46257608
ZTF18abgzgdp,285.2181429,13.44312928
ZTF18abijdte,285.9753898,13.19349951
ZTF18abiuoff,285.9574526,10.4546011
ZTF18abjaruf,287.2220962,12.20563785
ZTF18abjfjmc,285.5374293,10.511148
ZTF18abjfrfy,287.0829327,15.40771958
ZTF18abjhdmi,293.0869941,8.062758176
ZTF18ablifqo,287.7771697,9.722686099
ZTF18ablignl,285.7778131,10.88483843
ZTF18ablxlfg,284.7468416,10.27256259
ZTF18abmgaos,292.3976989,12.45977274
ZTF18abmgwuo,288.3047461,11.13076163
ZTF18abnpfmd,287.4166142,10.95162423
ZTF18abxbldb,95.23280451,22.658002
ZTF18abyfiev,287.0877317,11.44046232
ZTF18acvwwcb,287.6398495,13.47951855
ZTF18adkeeoc,284.3404357,12.52842755
ZTF18adkgivl,281.9083534,15.00994471
ZTF18adruopb,288.0293753,12.77577859
ZTF19aaumeya,283.5131561,9.201038943
ZTF20aaymeui,281.9782195,11.95368955
ZTF20abwakde,287.0477129,13.54383301
ZTF21aapwhdf,281.6027172,11.15196051
ZTF21acoupzy,94.29279718,17.45101522
ZTF17aacsemw,96.32643765,15.27422974
ZTF18aaslfqd,281.5855845,15.21886743
ZTF18aawadby,283.7127382,14.66751752
ZTF18aawadjt,282.7684659,14.26884192
ZTF18aawcdcg,287.789695,13.09067091
ZTF18aawkmkc,282.545527,13.17099547
ZTF18aawkxfw,287.2565438,13.93449433
ZTF18aaxddks,284.7016163,14.97529601
ZTF18aaxddru,287.7565005,11.15890562
ZTF18aaxdkpq,282.6997824,13.9786841
ZTF18aaxlszg,285.7784472,12.05641141
ZTF18aaxppql,287.3450684,13.42543265
ZTF18aaxykrg,285.1787413,9.400103854
ZTF18aaxytca,287.1763249,11.26709376
ZTF18aaxytgn,287.9104195,15.38799597
ZTF18aaxytjr,286.2505693,10.33538993
ZTF18aaydzuw,287.2193652,10.84862281
ZTF18aayeaso,282.2643102,13.08532424
ZTF18aayecxz,281.5475822,12.11522063
ZTF18aayeexy,282.4458863,12.21575139
ZTF18aayeezi,283.5435885,11.95932675
ZTF18aayeimp,281.4327267,11.59870098
ZTF18aayejmn,283.8088905,11.47033162
ZTF18aayhgao,288.6123869,15.23534791
ZTF18aaynxzh,286.081243,10.70200113
ZTF18aaynzok,285.4729442,10.59777295
ZTF18aayodfj,284.3165432,13.11833802
ZTF18aayooho,283.5435547,11.41972923
ZTF18aayoqze,282.6594878,10.14108534
ZTF18aaypbsa,286.9236053,10.60274351
ZTF18aayuwng,285.8600252,10.11547215
ZTF18aayvbjl,293.1099008,12.77127797
ZTF18aayvgby,283.7038976,10.04350875
ZTF18aayvgcm,283.5841534,10.65482826
ZTF18aaywchd,285.9256847,8.998124379
ZTF18aaywche,286.2987467,9.602091504
ZTF18aazdboq,286.3828465,10.57922156
ZTF18aazfecp,292.0392724,10.49444429
ZTF18aazsqtw,293.4280691,13.88520728
ZTF18aazuppk,284.3454249,9.963090469
ZTF18aazupvn,285.0901536,11.97854114
ZTF18abahtnq,283.3125181,14.56403002
ZTF18abccppo,285.7163837,12.22463212
ZTF18abdgbcp,283.2145495,10.64484939
ZTF18abebewy,286.176576,10.15721251
ZTF18abebizu,285.9391424,12.5071789
ZTF18abebodx,286.3994853,11.59112269
ZTF18abebokf,286.0468428,11.46503314
ZTF18abebtvt,294.1825088,15.0044228
ZTF18abgxptv,287.6656578,13.05465305
ZTF18abibmfa,282.6796047,8.678051739
ZTF18abibsdg,287.0633061,13.9692162
ZTF18abibtma,285.4249319,13.83847713
ZTF18abicwyb,285.2129493,10.0243349
ZTF18abitmxw,289.8648101,15.37781066
ZTF18abjartz,287.51314,12.21582517
ZTF18abjnqmt,285.5380988,10.76869547
ZTF18abkmpzh,286.4950792,15.16753433
ZTF18ablifox,287.3366031,13.40684064
ZTF18abliglw,285.0364525,10.87095382
ZTF18abliuct,285.7696896,10.69411005
ZTF18abmdfjc,283.1012266,10.92090426
ZTF18abmimgl,295.4876412,15.38424013
ZTF18abmwahn,287.4060532,11.11295657
ZTF18abnxmau,286.934579,15.0415499
ZTF18abrttnr,286.626375,9.977942938
ZTF18abtnnpz,284.607822,8.403486563
ZTF18accxlfu,285.6556059,10.1261565
ZTF18actygnj,35.88467509,29.78023502
ZTF18adjmytg,281.6348626,15.3779132
ZTF18adjmyuq,281.5215552,15.43862972
ZTF18adkcxeq,285.8617088,10.54532548
ZTF18adkgicp,285.711124,9.014449223
ZTF18adlrvga,284.6789945,12.0570427
ZTF18admcqug,292.7959693,9.433850488
ZTF18adrunwd,291.237955,12.38585987
ZTF19aaqkvmo,287.451143,10.88209879
ZTF19abmezyb,287.4957702,14.05504846
ZTF21abezdyk,288.4390711,9.579604194
ZTF21abwwycw,287.9009979,11.44782466
ZTF17aaatdsd,93.24996871,19.70508282
ZTF17aabytub,92.08158525,19.33497758
ZTF18aauolwe,281.6800295,15.22643443
ZTF18aawacbp,284.3360829,13.0668193
ZTF18aawacok,282.7106337,12.77166963
ZTF18aawccug,284.355797,15.16788658
ZTF18aawkljt,284.6270806,15.24410567
ZTF18aawkrtx,282.7376547,13.80183842
ZTF18aawspol,285.2522383,9.32155614
ZTF18aawtcqb,288.800808,13.33904396
ZTF18aawuzht,283.6551491,14.34128163
ZTF18aaxaktt,284.6769018,14.72437994
ZTF18aaxaobs,282.7634789,12.8273901
ZTF18aaxaoys,285.7512472,13.89851914
ZTF18aaxawaw,281.3480158,13.40947429
ZTF18aaxcyqw,288.2463171,9.474992703
ZTF18aaxcyth,293.3294218,15.34313757
ZTF18aaxddja,285.2024848,9.631605774
ZTF18aaxddkw,284.5522246,14.78007409
ZTF18aaxltav,288.2261417,13.8162138
ZTF18aaxythw,286.5734695,11.0345216
ZTF18aaxyuww,286.3145377,14.53828964
ZTF18aayeceo,284.5148424,12.17733477
ZTF18aayedus,283.996463,10.96014379
ZTF18aayeewi,282.3773864,12.50932505
ZTF18aayeews,282.7448338,12.08929304
ZTF18aayefbh,283.0882583,12.69895132
ZTF18aayejkw,283.6138989,11.32721678
ZTF18aayejmz,283.6672659,10.87299912
ZTF18aayogtu,281.4429397,12.24287381
ZTF18aayowtl,292.9745051,14.39271355
ZTF18aayozjc,283.7813946,8.106977629
ZTF18aaypbox,287.1775065,10.6775404
ZTF18aaypbpp,286.9079888,10.14986284
ZTF18aayuwli,286.517803,10.69174275
ZTF18aayuypy,287.6032257,15.43973553
ZTF18aazuyel,294.6409905,9.258388796
ZTF18abaqarg,293.4840529,14.24552888
ZTF18abaqawx,293.181427,14.17449936
ZTF18abarega,288.6808175,14.37832232
ZTF18abayitf,288.04701,14.69259825
ZTF18abbkxxf,287.139721,10.70441839
ZTF18abbnjfx,286.1645742,12.65987679
ZTF18abbrhcj,295.5469936,8.118062819
ZTF18abbtasz,282.3475939,10.88449396
ZTF18abccmtt,286.257888,12.30114835
ZTF18abctxke,283.5940905,9.498879076
ZTF18abdljxe,292.1680511,12.99539457
ZTF18abdnyyv,285.509244,14.05297125
ZTF18abdodau,286.9587949,11.59881205
ZTF18abebcnb,284.3780814,13.85432593
ZTF18abebcsa,286.2910571,12.7779494
ZTF18abebcvu,285.6298588,9.24419076
ZTF18abebfrs,287.3277509,10.90326387
ZTF18abebgwd,288.3061957,14.01924336
ZTF18abebjbb,286.5630817,12.50691156
ZTF18abebmuo,284.6210016,10.53651921
ZTF18abebodz,286.2862327,11.54666519
ZTF18abeeqvj,285.406704,9.267952976
ZTF18abfjgnz,286.4241259,13.05546409
ZTF18abfjrpy,292.4991934,14.90030619
ZTF18abfrpwz,287.1317084,13.92182004
ZTF18abgzclh,285.8981165,11.2456381
ZTF18abhemax,285.7712648,9.577789895
ZTF18abjapsx,287.2450832,11.42016624
ZTF18abjaruq,286.9480258,12.00807296
ZTF18abjfike,284.7696834,11.53635949
ZTF18abjfjkj,285.3483681,10.30165675
ZTF18abjktjy,288.3107755,14.83954827
ZTF18abjlqmm,284.1954889,11.93314771
ZTF18abkmrqm,285.2401823,12.21340165
ZTF18abligop,287.6334864,12.52326564
ZTF18abligtt,287.459682,10.83689375
ZTF18ablijyg,285.5663617,12.04054625
ZTF18abmfago,290.5252116,12.31835915
ZTF18abmfswa,285.7295094,11.29670282
ZTF18abscytv,96.48684619,18.24704918
ZTF18acvwydc,285.0679164,11.07283908
ZTF18adkbkuw,307.5667496,51.21572945
ZTF18adkcjrj,283.740688,13.87988672
ZTF18adkcmko,287.5796294,14.91433704
ZTF18adkcydg,281.6459696,12.97598055
ZTF18adkcykx,287.2821731,13.37021158
ZTF18adkeezq,289.6423031,15.27897417
ZTF18adkprwu,292.2059958,13.03707073
ZTF19aatibep,286.2132999,13.08670041
ZTF20aaqtudu,290.1578934,12.56248389
ZTF20abcpgmk,288.5173207,8.610379891
ZTF20abjvgkr,285.2207593,14.04202638
ZTF21aaunghd,282.1794345,14.51833772
ZTF22aaetvzs,292.5407972,8.371181737
ZTF17aaabadq,93.34242082,17.54769422
ZTF18aauemmw,286.3203015,15.34702462
ZTF18aawacjz,286.4769581,14.70177764
ZTF18aawadat,281.4288248,14.76789052
ZTF18aawaddw,284.3949045,15.06751257
ZTF18aawkmkd,282.094543,13.18253426
ZTF18aawszoi,282.5727133,14.46217848
ZTF18aawtbrx,288.6083548,12.97324718
ZTF18aawvavj,283.977485,13.90600631
ZTF18aaxaoan,284.548764,12.93886628
ZTF18aaxcywt,291.5227756,14.27736815
ZTF18aaxddiz,285.5478715,9.378270203
ZTF18aaxltdp,285.0827406,13.45515269
ZTF18aaxluee,285.5943803,13.95490581
ZTF18aaxlueg,285.2473711,13.96020657
ZTF18aaxmycr,283.7332104,14.94186309
ZTF18aaxnarc,285.4952893,8.189223241
ZTF18aaxykyy,281.5240791,14.21184611
ZTF18aaxyplf,290.8184533,12.90083678
ZTF18aaxyuvs,286.5315406,14.52905021
ZTF18aaycwjt,287.4009794,8.078185584
ZTF18aaydaqc,292.8234897,14.01066214
ZTF18aayebbr,283.5681471,14.46920313
ZTF18aayedqw,285.2307998,11.11037282
ZTF18aayeduw,284.0882458,11.39441915
ZTF18aayeezl,283.2208822,12.49655589
ZTF18aayejnl,283.1112568,11.42448727
ZTF18aaynssr,282.5600905,8.278907799
ZTF18aayoagl,285.6553813,13.08423333
ZTF18aayoeyq,285.6956878,11.07793131
ZTF18aayozqn,287.8821252,10.61836467
ZTF18aayuymt,285.1300005,9.978057938
ZTF18aayuzce,295.5947331,10.3695862
ZTF18aazdbon,285.9103823,10.1641685
ZTF18aazdiyu,285.240464,14.16915181
ZTF18aazfddf,293.5516105,8.775078308
ZTF18aazlree,286.2705185,14.03529749
ZTF18aazmglx,290.5388444,13.03133656
ZTF18aazsrqb,285.2235454,9.070842259
ZTF18abaixlg,295.3956312,8.155258426
ZTF18abajbtd,292.1224012,8.671791621
ZTF18abajgal,286.496061,14.5992741
ZTF18abaqzzn,285.3237629,13.06920124
ZTF18abbdkqp,285.6653822,11.52184794
ZTF18abbswil,294.0477151,8.102675902
ZTF18abbtjrk,290.4250468,8.492144861
ZTF18abcgunx,292.5532188,9.69527371
ZTF18abchmft,289.7410926,8.368240756
ZTF18abcojre,284.7852998,12.00863902
ZTF18abdktfs,293.1150369,12.63283863
ZTF18abebezm,286.1711295,10.48851511
ZTF18abeeusu,282.2020053,8.801500089
ZTF18abergci,283.5998986,10.9600961
ZTF18abfrpwv,287.2500309,14.27748904
ZTF18abfrqfm,285.8034025,11.90258814
ZTF18abgzisn,294.3791048,8.584519827
ZTF18abgzjck,283.338254,10.66598954
ZTF18abhfdox,284.103454,11.472674
ZTF18abicwzl,285.7943953,10.27055047
ZTF18abjaptb,287.2441264,11.41041411
ZTF18abjaqix,289.8461991,15.23813551
ZTF18abjarsf,286.9599482,12.08265096
ZTF18ablijam,285.4714063,10.84742513
ZTF18abmdgmu,284.033854,11.10248767
ZTF18abnoydc,284.7831003,8.320223884
ZTF18abrnros,285.4353353,15.10897623
ZTF18absdvmh,283.5935958,11.06029634
ZTF18absruxu,287.1989987,11.35314682
ZTF18abvtywg,98.9361818,21.99978371
ZTF18abwcmby,92.95342948,17.40526098
ZTF18abyfjet,285.9085283,14.3491697
ZTF18adkcmkw,287.1177592,14.98200955
ZTF18adlacsw,283.6313452,11.09332458
ZTF18adqfztr,292.5996398,12.1428639
ZTF19aaimiuz,286.0476011,8.329367573
ZTF19aaimkji,283.2853637,11.97694039
ZTF19aaoognj,285.7620827,11.50194662
ZTF20aanldsl,287.1619585,11.0766061
ZTF21aagtykb,281.407262,8.578617463
ZTF23aaqnmni,282.7869662,10.92259028
ZTF17aaakrrs,95.31115174,19.61916764
ZTF17aacmmsq,96.62776786,17.39298823
ZTF17aacmsze,97.82405292,22.3565763
ZTF17aacrwsz,92.93179567,16.59770539
ZTF18aavefxt,285.1628242,15.47390947
ZTF18aavefyl,285.3665006,15.37554717
ZTF18aavefym,285.599841,15.49078651
ZTF18aavypxz,283.5300358,15.13162927
ZTF18aavyqmv,288.1327964,13.41671336
ZTF18aawadlu,283.374473,13.45364182
ZTF18aawcdch,288.4226072,13.39737721
ZTF18aawknco,287.8527154,15.03608685
ZTF18aawkndo,287.9262795,14.88107655
ZTF18aaxdddq,283.7888449,15.44061509
ZTF18aaxiirq,285.3048134,12.07488762
ZTF18aaxlthd,284.3889371,14.53618443
ZTF18aaxlubu,282.1656652,11.6164985
ZTF18aaxnbjf,286.9125622,13.86319334
ZTF18aaxyktp,288.4282234,13.5337188
ZTF18aaxypwv,288.2844449,12.90246951
ZTF18aaxyuaa,283.2206687,13.55966717
ZTF18aaxyueb,284.4768276,13.30264264
ZTF18aaxyugc,287.2149716,12.13418353
ZTF18aaxyuwf,286.58933,14.11113205
ZTF18aayeajy,294.4890842,14.75096403
ZTF18aayealq,287.6790215,12.57748091
ZTF18aayeaoa,282.2937523,8.741249233
ZTF18aayedoi,285.7576484,11.27926946
ZTF18aayedwj,284.4157151,11.26678666
ZTF18aayejlu,283.627766,11.08473341
ZTF18aayejpg,283.8595219,10.93516508
ZTF18aaynswy,288.4166429,8.432012634
ZTF18aaynxtr,286.5924156,11.23254648
ZTF18aayoagj,285.67418,12.76663769
ZTF18aayoatn,287.1475572,11.86456057
ZTF18aayofee,287.1067162,13.4173745
ZTF18aayuzbr,295.1008165,10.60270393
ZTF18aayvche,286.5931251,15.46780593
ZTF18aaywcja,285.9407298,9.229997327
ZTF18aazdeoz,287.9764141,13.80945473
ZTF18aazmvoo,292.8119821,12.99013432
ZTF18aazsorb,288.8923116,11.97694794
ZTF18aazvbpg,282.1680047,10.64915596
ZTF18ababmfi,288.0973151,14.46157005
ZTF18ababmxx,286.4968541,14.12748149
ZTF18ababupi,283.1448925,11.18561612
ZTF18abachne,295.2902831,8.977039642
ZTF18abacsmb,295.1172175,13.26436074
ZTF18abahutl,288.3487459,15.40497511
ZTF18abaiwou,288.5996809,15.29823138
ZTF18abajbiq,285.0164545,11.4748256
ZTF18abajkgu,282.6287465,10.10569418
ZTF18abarmsj,285.5614397,11.64674244
ZTF18abayfvj,283.5918006,8.385497045
ZTF18abbnsun,294.3576742,15.19348822
ZTF18abcfwoz,281.7112744,12.77794962
ZTF18abcnsfn,286.9020904,10.12015399
ZTF18abctssc,290.9603121,9.999315574
ZTF18abctukh,292.3288454,12.80042343
ZTF18abctxgn,294.0746317,8.115973625
ZTF18abcvwvq,293.1046647,14.19309116
ZTF18abcvznz,285.9796749,13.24761641
ZTF18abcvzob,286.1625313,12.93825674
ZTF18abcxbpg,294.4319843,9.719616497
ZTF18abcxcer,293.0096143,8.511077711
ZTF18abdktga,293.3801331,12.19038904
ZTF18abdljwy,292.5992775,12.80159121
ZTF18abebcqy,286.0441063,13.07234582
ZTF18abebexc,286.3790589,10.60694377
ZTF18abebexe,286.5092779,10.77573607
ZTF18abebfrp,287.0562099,11.19335204
ZTF18abebfso,287.3424968,10.90728593
ZTF18abebfub,286.8823922,11.43298692
ZTF18abebhba,281.8943066,12.61579323
ZTF18abebhds,285.6775225,12.40974143
ZTF18abebjkz,294.3162159,8.990549355
ZTF18abeboxt,289.9104781,14.09893263
ZTF18abfrlis,286.2980519,9.110842532
ZTF18abiazvy,289.2735819,11.46762275
ZTF18abiazwm,289.8104111,11.13293224
ZTF18abicams,287.813968,14.09227142
ZTF18abijgdd,287.8257835,14.27407178
ZTF18abiuofa,286.2713484,10.27021801
ZTF18abkkdzj,287.2004546,14.28421507
ZTF18abkvzmy,284.7884316,15.45697522
ZTF18ablcadh,284.3965997,8.287225115
ZTF18ablihrc,287.1373993,12.63847912
ZTF18abliije,287.6820173,12.47948484
ZTF18ablkike,286.4576612,11.58432169
ZTF18ablncjg,287.396777,12.33627906
ZTF18ablntdt,286.4954187,11.31878428
ZTF18ablvskr,292.4862101,10.723236
ZTF18abmfcpi,295.056435,10.28999152
ZTF18abmvykt,284.56753,12.5698505
ZTF18abojwqs,286.6433153,12.17973234
ZTF18abrtwqm,284.0611122,11.08032655
ZTF18abrzddp,95.76687293,19.37288666
ZTF18acwrvzh,293.6761831,13.95740681
ZTF18adjxvih,291.6279175,11.08069954
ZTF18adjzpae,287.5222231,14.5510242
ZTF18adkcwux,286.880091,9.693622469
ZTF18adkcykt,287.0782796,13.02599861
ZTF18adkgkan,287.2293937,10.2069647
ZTF18adkntzz,292.1637077,10.62288234
ZTF18adqfyhv,292.4837595,9.577095588
ZTF19aaxselz,287.7021564,12.82387101
ZTF19adcnmkv,287.5088286,15.09536772
ZTF20abelvbt,283.4231576,15.38684657
ZTF18aauolvs,281.978305,15.26885125
ZTF18aawacns,282.1731241,13.14214578
ZTF18aawknez,283.4565443,12.9619909
ZTF18aawujhk,286.185816,15.2646621
ZTF18aawvcwp,282.7947857,14.97938126
ZTF18aaxalnn,287.1799556,14.65704015
ZTF18aaxddkj,283.8151638,14.49482021
ZTF18aaxddqu,287.9802797,11.27633697
ZTF18aaxddrg,288.1249089,11.57913711
ZTF18aaxjdau,284.6750166,15.00782072
ZTF18aaxnaug,284.3835828,12.78671278
ZTF18aaxpnzx,285.0435244,13.46617464
ZTF18aaxpogm,286.5803799,12.10607753
ZTF18aaxposh,285.2688386,14.74229607
ZTF18aaxysyb,288.4151233,10.46811221
ZTF18aaxytrg,285.014899,13.35344816
ZTF18aaxyuai,283.896217,12.99633183
ZTF18aaxyuwd,286.3643255,13.96813955
ZTF18aaydshy,282.0971718,8.296238676
ZTF18aayealt,287.5938023,11.98721732
ZTF18aayeayn,284.5105535,10.0023107
ZTF18aayedvs,284.4263721,11.21573811
ZTF18aayeexm,282.2003769,12.03305089
ZTF18aayeezd,282.8182007,12.45883953
ZTF18aayeipd,281.2842725,11.39368139
ZTF18aayeltv,282.2400691,10.16398659
ZTF18aayhgam,288.6290205,15.22740457
ZTF18aaynznm,285.6349265,10.66476521
ZTF18aayobfs,282.2562999,12.74591085
ZTF18aayoxej,288.7273648,15.1134539
ZTF18aaypeil,293.190032,15.38297227
ZTF18aayuvbt,288.7567008,13.98379809
ZTF18aayvcmz,294.3042243,9.169138637
ZTF18aayvgao,283.1687893,10.02214217
ZTF18aayvifq,284.4484722,11.27097068
ZTF18aayvkjm,294.9825161,11.13841264
ZTF18aazlulc,283.5788489,12.94543237
ZTF18aazsmhs,283.1905089,8.482996553
ZTF18aazsqvf,293.0777973,14.26261294
ZTF18aazutwu,295.557685,12.0021583
ZTF18ababuls,283.8474242,11.21551732
ZTF18abayfuh,288.1862479,8.757412282
ZTF18abberkm,282.8139873,10.13274546
ZTF18abbnkjs,285.3052358,10.40330405
ZTF18abbnzea,293.5217226,9.728117473
ZTF18abbsoip,288.9342572,15.39423256
ZTF18abcfwnk,285.6542792,8.751484764
ZTF18abcvxgo,289.6869978,8.341548245
ZTF18abcwysn,285.1475935,13.28082068
ZTF18abdkswi,284.6228275,13.50659235
ZTF18abdocho,283.759084,9.009354992
ZTF18abdogyv,287.6400218,10.05716933
ZTF18abeeguw,286.6222752,12.16913471
ZTF18abeehke,286.9169044,15.45228879
ZTF18abeeutr,282.8098112,8.532613198
ZTF18abfrufw,286.6770248,14.01993089
ZTF18abgobfl,290.1744885,10.2628209
ZTF18abgzckh,286.141808,11.00770954
ZTF18abhepxy,283.8813906,9.516940833
ZTF18abicxuh,286.959343,14.81353104
ZTF18abidhnz,284.6808577,10.07854973
ZTF18abifxut,282.7318561,8.76205575
ZTF18abiujof,287.451257,10.87133661
ZTF18abiurcy,285.1154707,12.54537696
ZTF18abjaqan,289.0084315,14.26896507
ZTF18abjfljt,285.4617241,12.12448022
ZTF18abldqlq,286.505823,10.64667116
ZTF18ablkjxs,287.1597531,13.93499972
ZTF18abmdfik,282.6585913,10.01353541
ZTF18abnozgx,285.9545196,9.349349801
ZTF18abnwxzn,282.2667352,10.17442894
ZTF18abocntn,294.1446752,12.41677946
ZTF18abqclhd,94.45000516,17.9285457
ZTF18abrrhdd,295.5981576,10.74191663
ZTF18abrucwz,292.0394705,10.42828174
ZTF18abzjerw,98.09837553,21.08224618
ZTF18acceffn,287.3199938,13.54178119
ZTF18adkbayt,285.2274061,9.692965842
ZTF19aaustou,289.536188,15.3775593
ZTF19aawcaxe,294.0939613,11.34383036
ZTF20aauxqqf,287.6383766,13.14647144
ZTF20acinpkc,283.1163146,10.45379766
ZTF17aaagnlf,95.44470262,22.56932281
ZTF17aaahxaj,99.37462615,20.05433314
ZTF17aacryot,95.95705023,20.21115592
ZTF18aaawcwe,92.99535711,17.9494955
ZTF18aajvvgn,91.83991871,18.42150628
ZTF18aavedjv,282.8695934,15.20170901
ZTF18aavedkv,281.789746,15.23798042
ZTF18aawacjg,286.3691128,15.14051702
ZTF18aawadje,282.777178,14.04636494
ZTF18aawccma,291.2385767,11.19063984
ZTF18aawkxfr,287.2288155,14.07275688
ZTF18aawsttr,290.9554559,13.35448366
ZTF18aaxanbf,285.5167094,14.80548394
ZTF18aaxaoya,285.4311177,13.96737987
ZTF18aaxczfx,291.5684252,11.32054476
ZTF18aaxddiu,285.3284582,9.207476335
ZTF18aaxddla,284.767882,15.33548006
ZTF18aaxddqx,288.3005952,10.82304993
ZTF18aaxnaac,288.5315012,13.50182218
ZTF18aaxnasl,285.7103015,14.66378028
ZTF18aaxphdj,285.4319,9.32041319
ZTF18aaxyved,287.4258791,13.27270633
ZTF18aaycwke,287.9848407,8.192671196
ZTF18aayedqt,285.423428,11.04747836
ZTF18aayefcd,283.8796773,12.34674145
ZTF18aayhgbx,288.5756686,14.91234174
ZTF18aayobfj,282.4990203,12.74189431
ZTF18aayozwr,283.892471,14.41765944
ZTF18aayvavv,282.0744182,13.54720416
ZTF18aayvbkb,293.3501407,12.87388063
ZTF18aaywchj,285.8709753,9.690254939
ZTF18aazdmgb,284.2469832,11.0375887
ZTF18aazezjw,292.7592026,13.54320544
ZTF18aazfdda,293.0023036,8.081509488
ZTF18aazlvzg,282.8620952,10.32331677
ZTF18aazmvcz,291.0516565,12.8710428
ZTF18aazmxpc,292.4982779,8.590422649
ZTF18aazsori,288.795651,12.63376271
ZTF18aazuyga,292.6552757,12.03883161
ZTF18ababmwp,284.6503443,12.35205533
ZTF18abaqypy,286.2254067,9.993328935
ZTF18abaqypz,286.5938384,10.04072727
ZTF18abaqyyp,288.3453133,14.04323267
ZTF18abaqzwe,283.2226381,9.013442164
ZTF18abbdhfk,287.7193787,14.81956318
ZTF18abdktfn,293.5931732,12.08507081
ZTF18abdliib,295.3034623,15.33661428
ZTF18abeazoa,291.7094367,12.9493324
ZTF18abebhcp,285.0078192,12.06968634
ZTF18abeegux,286.1293691,12.06392839
ZTF18abeekio,281.8730083,12.03460257
ZTF18abefdqs,284.2026201,10.56411022
ZTF18abfauzj,285.3932022,12.84727502
ZTF18abfsjck,292.4415808,9.294637655
ZTF18abfxhkh,282.7007009,10.8682031
ZTF18abgrhyd,285.7453898,10.45158898
ZTF18abgsptp,285.9974473,10.46098755
ZTF18abgxptp,285.539724,11.57973433
ZTF18abicxhz,285.7319363,10.0883444
ZTF18abidkpd,295.4241062,14.41731215
ZTF18abivsqv,282.883607,10.65752218
ZTF18abjskir,286.9604983,14.27630715
ZTF18abjtpal,291.6006038,14.71886359
ZTF18abljoby,285.9788941,10.68278552
ZTF18ablkeps,285.5323741,11.11546204
ZTF18abmmjaq,283.5698802,8.719171378
ZTF18abnoywq,286.6667016,14.05841725
ZTF18abrremn,291.5821259,12.47238517
ZTF18abrrzee,283.2130715,12.34486792
ZTF18abrrzjq,286.0302977,12.69549146
ZTF18abvtyen,95.82826931,18.4734054
ZTF18abxbnlh,96.17234051,22.62721364
ZTF18abyltcu,287.0453333,13.501956
ZTF18acaxdkk,292.4213692,13.01050595
ZTF18acdwjca,287.1548115,12.163096
ZTF18acsvqvm,286.5319728,12.75152091
ZTF18acsvtnt,288.5022706,14.00062041
ZTF18adjxvht,291.4168445,11.01610662
ZTF18adjxvhu,291.1383474,11.45141791
ZTF18adjzovi,287.8501813,15.06715221
ZTF18admcuwb,289.7654798,10.33289614
ZTF18adqfzgv,293.2987,8.071581727
ZTF19aagiors,283.910443,13.88959612
ZTF19aaontov,288.3093157,10.51652622
ZTF19aauofkc,281.4948453,15.30640282
ZTF19abhgkuf,295.102861,9.165158887
ZTF20acgkssa,292.1334839,8.688583835
ZTF17aacsddf,95.33159222,18.28344098
ZTF17aacsqit,99.22422077,18.22270731
ZTF17aadkiqk,96.15990641,20.11583076
ZTF18aaavyxj,93.54827024,17.81728194
ZTF18aavefxh,285.2486039,15.30773332
ZTF18aavendf,286.5956071,15.30590617
ZTF18aawkuho,285.3726093,14.01195305
ZTF18aawvave,284.4809948,14.12590191
ZTF18aaxczfk,291.3652104,11.23373286
ZTF18aaxddqd,288.3760923,13.40275648
ZTF18aaxdjut,289.7092048,15.20212061
ZTF18aaxdljd,282.279298,10.85673905
ZTF18aaxdljh,282.8850026,11.22725379
ZTF18aaxiitk,285.2220082,12.96472696
ZTF18aaxlszc,285.4047103,12.07270769
ZTF18aaxltly,282.4717098,13.05658673
ZTF18aaxykug,283.8847332,14.34611805
ZTF18aaxytng,286.0432963,12.28032382
ZTF18aaxytnm,285.8796239,12.12004387
ZTF18aaxytus,285.151988,11.93075411
ZTF18aaxytvs,281.9800127,13.5231163
ZTF18aaxyuqt,285.4934616,14.06791747
ZTF18aaxyvaq,295.2695382,14.93576178
ZTF18aayeaxr,284.3996433,10.15007811
ZTF18aayeaya,284.1468449,10.61356942
ZTF18aayedpr,285.1337882,11.55779607
ZTF18aayeeza,282.8506254,12.57229477
ZTF18aayefuj,287.050704,13.44922572
ZTF18aayefux,287.353382,13.21526956
ZTF18aayejlj,283.3934921,10.94668635
ZTF18aayekgl,289.6831524,15.45980757
ZTF18aaynyff,283.6569063,14.25327225
ZTF18aayoasi,283.3664969,9.210428508
ZTF18aayoasq,283.5349289,9.607539912
ZTF18aayoass,283.3866226,9.292804067
ZTF18aayogsr,281.5683325,12.68725327
ZTF18aayojcv,283.1245331,11.90441364
ZTF18aaypalt,285.419384,15.24868085
ZTF18aayupdt,288.6077948,11.63111483
ZTF18aayuyan,292.6387644,13.42770624
ZTF18aayuzbp,295.3784093,10.31851694
ZTF18aayvfmd,282.1577908,11.974945
ZTF18aayvgbh,283.3899575,10.05173221
ZTF18aayvgja,283.2183164,13.22648358
ZTF18aazdmev,283.9953558,11.60779835
ZTF18aazfeaq,292.1415909,12.54213575
ZTF18aazlthr,287.6213094,14.22787702
ZTF18aazmmtp,285.8264748,15.41282378
ZTF18aazslpv,287.0999968,9.140130283
ZTF18aazurex,284.3255582,14.23584751
ZTF18aazuuee,295.225164,12.08714129
ZTF18aazuxnt,293.5177374,13.51629602
ZTF18abacavt,290.3969311,8.250368553
ZTF18abahuau,287.9071981,13.23474733
ZTF18abaqxja,287.6395229,11.61229593
ZTF18abbkpwy,292.0887851,14.12983366
ZTF18abbkupo,285.4750434,9.350077219
ZTF18abbxvic,288.1830173,11.52170107
ZTF18abcohfr,289.8565411,14.71141498
ZTF18abcoowl,282.5636678,10.52063212
ZTF18abebeyb,285.891678,10.72360678
ZTF18abebfsm,287.3326477,11.34411838
ZTF18abebjfo,286.4976737,12.35362442
ZTF18abeboay,286.476946,11.54396105
ZTF18abfipyg,292.7069772,10.39611029
ZTF18abfroki,285.693313,12.98744009
ZTF18abfsjtu,294.2272813,12.38290859
ZTF18abgrlim,283.5942715,11.24950539
ZTF18abgzcrx,286.0094174,10.67194185
ZTF18abjaomv,284.0976006,8.440527136
ZTF18abjaruc,287.6622324,12.0915142
ZTF18abkmtqb,284.6367096,10.96658272
ZTF18ablihri,286.428274,10.40022177
ZTF18ablihye,286.9516946,13.37798889
ZTF18abmfskc,285.6118081,10.13302544
ZTF18abmfukl,283.8956419,10.32632698
ZTF18abmhxof,290.5614295,10.18973406
ZTF18abmsyfc,286.5357591,8.577098724
ZTF18abnwxkr,287.0877442,13.11307059
ZTF18aboqukq,282.8780812,8.575646899
ZTF18abpogxl,292.099984,9.968157511
ZTF18abxwsaa,287.1289836,13.95832838
ZTF18abyltcv,287.5381285,12.800599
ZTF18acaowui,92.8497607,17.9350453
ZTF18acaxfoo,285.4897101,11.3517159
ZTF18acceirm,285.4307613,11.57472136
ZTF18adkclmx,283.2433304,13.17148862
ZTF18adkcxfu,286.1681617,11.45073387
ZTF18adkprxb,292.1439315,13.44007233
ZTF19aasrwrn,291.375859,14.73134869
ZTF19aassghr,290.6519822,12.58961738
ZTF20aavtdod,287.3942528,10.64849568
ZTF21aadnppx,93.96966757,19.48363659
ZTF17aacmndr,93.34443584,21.96283722
ZTF17aactkyj,92.08730515,18.14912601
ZTF18aabgoyc,92.28627354,20.56678545
ZTF18aavedht,281.5762052,8.477267952
ZTF18aavyqmq,288.4578585,12.9160373
ZTF18aawacwt,287.000892,15.14811705
ZTF18aawaddn,284.338612,15.45124361
ZTF18aawadgb,285.7110475,14.19841023
ZTF18aawcclz,291.5329124,11.61937683
ZTF18aawccvd,289.0093732,9.536655079
ZTF18aawspjk,285.5995179,9.605847503
ZTF18aawvauw,284.3486839,14.49976817
ZTF18aaxakvr,283.481171,14.71931463
ZTF18aaxddqs,288.1421812,11.63426401
ZTF18aaxdksm,287.2988629,12.95761215
ZTF18aaxiitv,282.5870811,13.36375753
ZTF18aaxlucg,282.3545311,11.10027904
ZTF18aaxmxrq,290.8968551,11.55432242
ZTF18aaxnarh,285.1895147,11.99755561
ZTF18aaxpout,282.2628483,11.63193264
ZTF18aaxykro,285.5244714,9.422376811
ZTF18aaxykvs,282.3262653,15.33968935
ZTF18aaxyugo,289.14519,15.34137363
ZTF18aaxyugt,289.253184,14.93594474
ZTF18aaxyuot,281.3932375,9.300962063
ZTF18aaxyuuu,286.3934749,13.97316783
ZTF18aayeakl,288.3386974,14.17126702
ZTF18aayecdk,286.0319854,14.92548245
ZTF18aayecxm,281.571716,12.54110257
ZTF18aayeenx,287.0880264,14.10493794
ZTF18aayeinh,281.2233206,11.3284701
ZTF18aayejnj,283.6767683,11.51341353
ZTF18aayhfix,287.8016178,11.4517319
ZTF18aayhgbn,288.6442881,15.19052871
ZTF18aayustm,293.2907839,14.18122326
ZTF18aayuzke,285.9690812,13.41365227
ZTF18aayvasn,287.0014476,15.2888668
ZTF18aayvcdx,294.408306,10.37529111
ZTF18aayvcmv,294.0299301,9.364028222
ZTF18aazdgrz,285.7188381,11.90463097
ZTF18aazdiar,285.8956395,14.46661608
ZTF18aazdlbi,281.3447965,11.37305604
ZTF18aazfebe,292.7081678,10.36634887
ZTF18aazvdct,292.6129443,8.117289211
ZTF18abakerq,291.7000911,11.51317236
ZTF18abbeusb,294.9167299,14.25654504
ZTF18abbkqzk,288.1721171,11.16337632
ZTF18abczaep,292.040147,10.47017369
ZTF18abdktii,283.2657803,12.53207601
ZTF18abeazny,291.3517045,12.99714287
ZTF18abebezx,285.9084958,10.07653389
ZTF18abebhdk,285.0783582,12.47784462
ZTF18abebmxp,284.1148091,10.52964536
ZTF18abeboft,286.458149,11.2150828
ZTF18abeehxi,287.6259201,14.02950921
ZTF18abfrowf,283.3065056,9.465247559
ZTF18abfsqck,292.5724535,10.48004485
ZTF18abfsywr,294.2212678,15.2028554
ZTF18abgjxen,285.6683681,11.99309589
ZTF18abgkeoz,287.0960598,11.49780503
ZTF18abgrhyo,285.7438259,10.59838093
ZTF18abgsjni,285.9328603,8.742855012
ZTF18abgsptx,286.5471773,9.950154847
ZTF18abgybok,292.8190203,12.21105182
ZTF18abgzcjx,286.486455,11.19048759
ZTF18abhxmev,287.2841867,13.24256955
ZTF18abidhnc,284.0124692,10.08406806
ZTF18abijdec,287.9887802,15.06669574
ZTF18abjfkwu,292.5192725,12.82690629
ZTF18abkkbkk,285.9854739,12.0012577
ZTF18abkkchg,284.2508972,10.79442411
ZTF18ablijfl,286.4063981,12.03925923
ZTF18abmfbcg,289.8669607,13.1814986
ZTF18abmhahm,293.2273897,9.125576554
ZTF18abmmfvd,291.5934695,12.16678829
ZTF18abnxavr,285.7819663,10.63412529
ZTF18abojwnh,286.9960603,11.28239526
ZTF18abqaxlp,287.1064275,14.37850477
ZTF18abqdhlq,287.5252429,13.43746323
ZTF18absrser,287.6722277,13.21419125
ZTF18abtufxj,291.2883098,12.88945046
ZTF18abzqoxg,288.2213366,13.04785167
ZTF18acbyvmm,91.95243583,19.38379885
ZTF18accefgh,287.2950818,13.00133344
ZTF18acxggui,295.1864722,8.654348541
ZTF18adjzqbq,285.9986318,14.75637766
ZTF18adkbjjs,287.814787,14.52981677
ZTF18adkcjvb,292.4500291,15.16251071
ZTF18adkgjyp,286.8746167,10.08604018
ZTF18adkgkao,287.1476431,10.48343892
ZTF18adkppin,295.077105,9.293913084
ZTF18adkwias,288.6259171,14.0451637
ZTF18adkwuip,292.8371157,12.01439928
ZTF18adkwutn,295.1281157,14.11445696
ZTF19aaqktsi,286.6107006,13.44162327
ZTF19aaumhsy,286.9440924,14.49385892
ZTF19aavninf,294.6523872,8.03853807
ZTF19abcrhik,295.2953914,11.13749155
ZTF19abxplky,93.34315036,19.21629432
ZTF21aajxwqk,286.2199312,11.91496136
ZTF22aaaumut,283.3874155,11.97152758
ZTF17aaagnbn,93.35276983,17.88055425
ZTF17aaclbiq,98.62428844,19.14010841
ZTF17aacpsfp,92.77477588,22.46029999
ZTF18aavefwo,285.4794242,15.29710769
ZTF18aavemvg,286.6299177,15.25092437
ZTF18aawacni,282.1496693,13.38637068
ZTF18aawadhc,281.210567,13.88335274
ZTF18aawccue,284.6357666,15.08355645
ZTF18aaxiiss,288.4475865,13.86867055
ZTF18aaxypqg,293.2637172,14.78143648
ZTF18aaxytxl,284.554971,13.824524
ZTF18aaxyuxr,286.2499246,14.09273046
ZTF18aaxyvnn,287.408572,13.95841368
ZTF18aaydaew,292.4492327,15.10154689
ZTF18aayealo,287.0367244,12.4671006
ZTF18aayeaxz,284.0331505,10.1886755
ZTF18aayedor,285.5052794,10.89564132
ZTF18aayedph,285.5283092,11.50300885
ZTF18aayeepm,287.4231968,14.08984008
ZTF18aayeezf,283.3086511,12.44821498
ZTF18aayefge,285.7166541,15.42647825
ZTF18aayegyz,286.4910298,14.20996893
ZTF18aayejkz,283.6145467,11.24815367
ZTF18aayejnt,283.4184735,10.93674089
ZTF18aayoehh,286.0971713,15.25832592
ZTF18aayofns,285.7867655,12.19193208
ZTF18aayozqz,288.5470187,10.43092542
ZTF18aayuygh,283.5084824,9.716752755
ZTF18aayuzmh,287.554721,12.54123038
ZTF18aayvccn,294.5220316,10.09029977
ZTF18aayvclb,293.9942052,9.027754657
ZTF18aazcznk,283.1206876,8.302857442
ZTF18aazfelo,292.6353128,8.657347665
ZTF18aazlmfd,288.2824182,10.07016603
ZTF18aazmegz,288.2081596,8.382228549
ZTF18aazmetl,286.2931956,9.36286516
ZTF18aazmett,286.3098919,9.227835468
ZTF18aazunho,286.5578536,12.94471053
ZTF18aazuqsq,285.9829294,11.49692705
ZTF18abacsqc,295.3588786,13.45968509
ZTF18abajaat,286.3336737,13.50473155
ZTF18abakbij,295.4203833,8.460720097
ZTF18abbnjhc,286.1599108,10.61012602
ZTF18abbrjsj,292.3872442,14.44692482
ZTF18abcjcyo,282.7860709,11.03374095
ZTF18abckihq,289.0423175,8.683357634
ZTF18abctyyc,287.4318039,14.97452609
ZTF18abdktde,294.7522487,12.63106865
ZTF18abeayqx,287.6070164,8.314566518
ZTF18abebfsd,286.9374151,11.11733131
ZTF18abebjdk,286.2431071,12.33520708
ZTF18abebojg,286.0024284,10.97587366
ZTF18abecnvv,287.0927425,14.26282627
ZTF18abfrpwo,287.0037561,14.01723806
ZTF18abhnvkp,288.2965002,14.27047726
ZTF18abhrhts,4.591830485,29.60921726
ZTF18abiccca,283.2909902,10.713213
ZTF18abicxwg,287.7357317,14.73741924
ZTF18abjfiou,294.8302886,12.66221438
ZTF18abjzact,295.0906457,12.62975332
ZTF18abjzafx,283.8749266,10.4896836
ZTF18ablbedk,287.9004991,10.09921942
ZTF18abligby,285.9722008,9.9944014
ZTF18ablihld,288.2871491,14.24288525
ZTF18abnpcjw,292.9549115,12.73613964
ZTF18abnpfmb,287.1173314,11.2445146
ZTF18abruekh,287.6273245,12.45454128
ZTF18acaoxtb,98.31438558,15.79786712
ZTF18acsmhej,94.51041919,17.1737878
ZTF18adkblkq,309.9062891,29.75030365
ZTF18adkcmjh,288.4963084,14.00173711
ZTF18adkcyjg,285.170049,12.27830403
ZTF18adkmzlc,292.9429387,13.12931137
ZTF18adlacqi,283.5169302,12.43154683
ZTF18admsjtj,293.0389259,12.31355992
ZTF19aaqarxh,285.7193772,8.733908172
ZTF19aaxiiur,288.5675589,12.34078638
ZTF19abcrhcr,289.6612251,14.99225657
ZTF17aacscou,94.14292985,18.08991549
ZTF17aadnivg,92.15855645,18.13056982
ZTF18aawaddk,284.6478616,15.48811834
ZTF18aawadlw,283.2905084,12.95488567
ZTF18aawsnqg,290.8282963,11.18949361
ZTF18aawvauv,284.0128081,14.03598237
ZTF18aaxakup,284.7778739,14.48103728
ZTF18aaxdjja,293.671778,14.93166011
ZTF18aaxdkaw,285.278806,11.9690138
ZTF18aaxmxtt,285.5286024,9.054052505
ZTF18aaxmxtv,285.5605351,9.662206109
ZTF18aaxykjw,287.7972506,11.46343295
ZTF18aaxytuk,285.0166686,12.66105654
ZTF18aayczzy,291.7473553,14.23122424
ZTF18aayegzj,286.0159944,13.84871128
ZTF18aayejlg,283.3341026,10.99073285
ZTF18aayejlk,283.3662999,11.36706152
ZTF18aayejmu,283.6723909,11.35915685
ZTF18aayhgal,287.9282607,15.2427151
ZTF18aayhgax,287.8325422,15.04374449
ZTF18aaynywr,284.204928,15.21185987
ZTF18aaynznw,285.1302607,10.3412431
ZTF18aayoeyg,285.0626768,10.83793114
ZTF18aayuzbw,295.6219647,10.71871691
ZTF18aayvcle,294.1499668,8.989004716
ZTF18aazdlin,281.7766709,12.05674561
ZTF18aazfede,292.4091228,10.71859862
ZTF18aazuxpw,293.6755264,13.21950579
ZTF18abachux,295.1288433,8.622204805
ZTF18abahwny,281.7485434,8.271153827
ZTF18abajanq,293.210945,13.52632054
ZTF18abardlf,287.0714475,14.13411674
ZTF18abbxogx,286.1002552,9.546432528
ZTF18abcgpig,283.6230024,11.01677817
ZTF18abcoiha,288.3849358,13.87003306
ZTF18abcpzus,293.56556,14.19972496
ZTF18abcpzvv,285.9492451,13.01889062
ZTF18abfrkoe,286.0480772,8.425723381
ZTF18abfross,286.2262023,14.94411567
ZTF18abfrpwl,287.7001389,14.37912933
ZTF18abfrpwu,287.6403134,14.60135108
ZTF18abfrvvb,289.449413,15.38735075
ZTF18abgjxeo,285.8068878,12.51292425
ZTF18abgspti,286.2912587,10.08710954
ZTF18abicxdl,285.2190837,10.25930637
ZTF18abicxig,285.4308468,10.34764085
ZTF18abjarse,287.0141837,12.23093225
ZTF18abjarsi,287.1821132,12.12858593
ZTF18abjwetx,285.9740823,13.08712473
ZTF18abkcvdx,317.1848187,44.10428768
ZTF18ablbhhx,286.412835,11.49894807
ZTF18abmddkc,295.2068864,11.19801087
ZTF18abmfbni,293.065945,8.137884249
ZTF18abmoynd,285.7086142,8.464097493
ZTF18abmrhid,292.766285,12.45808231
ZTF18abpbxju,285.6330565,10.04848333
ZTF18abpogux,292.3547641,12.32901654
ZTF18abrtffx,295.107149,10.87232459
ZTF18acaddso,286.6122199,13.97798815
ZTF18adjvtdi,281.3077318,14.47818976
ZTF18adljlvp,4.615789082,29.79198064
ZTF18admcuuj,292.7270711,10.23944826
ZTF19aaimpmv,288.1032701,10.73069975
ZTF19aamrfjo,283.5033067,11.0955194
ZTF19aasgktc,285.6108281,11.10787697
ZTF19aauoitx,358.6955367,43.18924084
ZTF19abhlbqi,286.0915135,13.37079918
ZTF17aadkjpv,95.25511475,15.97080483
ZTF18aauemls,286.4587149,15.28921334
ZTF18aavediu,282.4184613,15.4798011
ZTF18aavyqmx,288.2144367,13.44448608
ZTF18aawacno,282.6968669,12.76762791
ZTF18aawccya,281.6868045,14.58516185
ZTF18aawcdca,287.860426,13.39255344
ZTF18aawcdcc,288.254951,13.35875544
ZTF18aawvbtm,282.0957233,14.15325243
ZTF18aaxaoyj,285.7636568,14.42721421
ZTF18aaxcyti,293.6203685,15.34535889
ZTF18aaxczfn,291.6739731,11.41935018
ZTF18aaxddjb,284.989202,9.70189686
ZTF18aaxiipt,283.2433956,14.25289873
ZTF18aaxltap,288.5177555,14.18174091
ZTF18aaxluch,282.4265578,11.18778993
ZTF18aaxykyt,281.8387271,14.31009896
ZTF18aaxytrw,285.8091996,13.57137332
ZTF18aayeaxu,284.6428008,10.06819784
ZTF18aayedoj,285.1275715,11.15126424
ZTF18aayedpz,285.7306718,11.44222131
ZTF18aayegyh,285.9919682,14.19091144
ZTF18aayegzb,286.6725253,14.14752252
ZTF18aayeimj,281.8366776,11.51985323
ZTF18aaynsha,284.0187554,8.241368696
ZTF18aaynsoq,285.9007732,9.522793365
ZTF18aayoeyj,285.5455004,11.60104417
ZTF18aayogwz,285.6701081,14.03284715
ZTF18aayojwm,282.582423,11.50327686
ZTF18aayowzm,294.5713224,14.75876868
ZTF18aayuruy,288.5054898,8.510400528
ZTF18aayuxxp,283.5063006,11.07370493
ZTF18aayvasv,287.4361441,14.85683812
ZTF18aayvkit,294.8519355,10.89774633
ZTF18aaywdzk,287.1811008,10.76521977
ZTF18aaywfok,287.98342,10.92115306
ZTF18aayxdod,284.526053,8.265941935
ZTF18aazczre,284.5930206,8.239209305
ZTF18aazdffn,285.8829959,12.11387003
ZTF18aazdfnj,283.3036155,13.32002747
ZTF18aazfekz,292.7280919,8.248391428
ZTF18aazlsua,283.3037425,11.10655713
ZTF18aazmesp,286.5390158,9.674443159
ZTF18aazsvhd,288.0832912,12.81763922
ZTF18abaapnf,281.9550697,8.438052545
ZTF18abacnhw,292.3907563,8.411826269
ZTF18abaixnz,292.30719,13.48439073
ZTF18abajdln,290.9695299,8.182951583
ZTF18abajkef,282.1119505,10.47197968
ZTF18abarrvm,292.2393704,9.969479181
ZTF18abbdqqd,283.6703611,12.10700623
ZTF18abbnjec,286.5568888,12.94898823
ZTF18abbnpld,282.6074866,12.18069252
ZTF18abcguli,293.394409,8.161012634
ZTF18abchmfn,290.7951405,13.97702621
ZTF18abcnmfg,284.1827834,8.709546415
ZTF18abcobmt,291.5765542,12.61064891
ZTF18abdksww,283.6087147,10.30078848
ZTF18abebexd,286.2251505,10.01222041
ZTF18abebext,286.1927804,10.70706258
ZTF18abebezq,286.1921828,10.10279425
ZTF18abebezu,286.6026885,10.41233058
ZTF18abebftg,287.392094,11.39686694
ZTF18abebjez,286.0327197,12.04591388
ZTF18abfiqfj,286.9885437,9.721402587
ZTF18abgxpkw,285.3351189,14.24242183
ZTF18abgzacf,290.8158144,10.58724171
ZTF18abifuts,288.2757191,12.4704234
ZTF18abjfjcj,289.7425608,14.78794265
ZTF18abjkvzo,294.864005,13.18241014
ZTF18abjsloz,287.2418153,14.9422021
ZTF18ablbfag,286.5284789,14.66025931
ZTF18abllcqd,290.7978677,10.36349945
ZTF18ablnoyc,283.2184523,9.061051627
ZTF18abmflip,288.3722819,10.74918585
ZTF18abmiyhv,285.2713811,10.36478702
ZTF18abnvuon,284.0338516,10.36526572
ZTF18abqawyn,287.2039604,11.30636818
ZTF18abqeisp,96.05295998,21.00347498
ZTF18abrrrjk,293.2738193,13.3246917
ZTF18abrtrxj,285.2328673,13.12891761
ZTF18abwvktq,290.5089762,15.35060983
ZTF18acaxcer,292.6037814,13.86482177
ZTF18accefkv,284.3461239,11.89787472
ZTF18accxjfy,283.8721041,12.2004399
ZTF18adjxvhv,291.4868143,11.01572206
ZTF18adjzoqb,282.3842295,15.35513635
ZTF18adkcmkz,287.4953665,15.10605363
ZTF18adkcxrq,284.6019665,12.0831475
ZTF18adrsoas,285.6689759,10.57297247
ZTF19aapwsnn,287.1419776,11.53721744
ZTF19aaqsuxa,287.0767575,10.89132044
ZTF19aavpxrd,285.0336759,11.60185113
ZTF20aaymhom,287.8921667,14.57787511
ZTF20abcxuhj,287.6276991,8.084082407
ZTF20acqwjsw,285.6377785,14.95133167
ZTF17aaafkxc,359.8435786,72.6210013
ZTF17aaateii,94.7540685,17.90639914
ZTF18aablpqp,97.44098787,17.93154036
ZTF18aaoxedb,278.6645762,51.28947457
ZTF18aavyqmp,288.4387755,13.07712983
ZTF18aavyqon,288.102495,13.34615348
ZTF18aawacmi,281.3327843,13.23548432
ZTF18aawacnw,282.2341204,13.00714502
ZTF18aawadgj,285.5200389,13.92663265
ZTF18aawadhe,281.4669634,14.26203295
ZTF18aawccxd,281.3116985,14.01967873
ZTF18aaxaoap,284.6471914,13.21197034
ZTF18aaxdddm,283.2637242,14.75970465
ZTF18aaxddkh,283.8207281,14.569929
ZTF18aaxddqg,287.8246248,13.48927554
ZTF18aaxlsxr,286.000864,12.11785105
ZTF18aaxltqi,283.7201425,14.53894883
ZTF18aaxnaao,294.2949192,15.29393606
ZTF18aaxyueo,284.4257084,13.46326614
ZTF18aaxyufm,287.2694676,12.64086867
ZTF18aaydaet,292.8215159,14.94192077
ZTF18aaydsfo,282.3707627,8.245267547
ZTF18aayedqs,285.3040572,11.49853543
ZTF18aayeeyb,282.7054781,12.27711119
ZTF18aayejpm,283.5749429,11.41461725
ZTF18aayhgbz,288.1896602,14.74643991
ZTF18aaynxtw,286.3918027,11.37911711
ZTF18aayodhc,284.2481904,10.85747868
ZTF18aayorat,282.79226,10.12580851
ZTF18aayvkjr,295.3905112,11.60460428
ZTF18aaywchl,285.9840907,9.032863491
ZTF18aaywddl,287.9343835,13.06114371
ZTF18aaywvxy,282.5304054,13.99377274
ZTF18aazdeoj,288.0222059,14.34764835
ZTF18aazdmgo,284.0490422,10.99379689
ZTF18aazeyxy,295.0577224,9.134795075
ZTF18aazlrus,285.9591207,15.4525136
ZTF18aazmfor,285.2724531,9.166069202
ZTF18aazuqsc,285.9157198,11.57901813
ZTF18aazvbne,283.3028645,12.46185553
ZTF18abacnqs,292.9344181,13.07111167
ZTF18abajciw,295.0450652,12.9254456
ZTF18abbnnqg,284.3177918,13.08385347
ZTF18abbstuy,283.8134999,9.40375609
ZTF18abcfwni,285.3343027,8.725467151
ZTF18abcsvdx,289.6733793,10.3074064
ZTF18abctxtg,294.6904614,15.35797863
ZTF18abcxbga,293.1154271,9.421824476
ZTF18abdkszm,295.4647616,13.08530483
ZTF18abebexf,285.9471895,10.35229926
ZTF18abebeyg,286.1917079,10.35877082
ZTF18abebnzm,286.0082451,11.38664713
ZTF18abeeimc,284.3496639,12.77774197
ZTF18abfauzk,285.0151973,13.46921025
ZTF18abfrpdz,285.9848254,10.70626271
ZTF18abftibh,294.1435867,10.88084102
ZTF18abgskgk,284.3361418,8.760317134
ZTF18abicjxh,288.5433123,13.38660657
ZTF18abidbtr,286.1269489,11.57600591
ZTF18abijdtd,286.479702,12.99798532
ZTF18abijimc,284.1349884,10.3843923
ZTF18abjarup,287.3922012,12.06878008
ZTF18abjarvm,287.4933302,12.6345702
ZTF18abjdnmk,283.2496937,11.59106794
ZTF18abjfjcy,289.213625,15.32640364
ZTF18abjfkwt,292.3948015,13.55125117
ZTF18ablkfdu,285.5568728,10.34261611
ZTF18ablnjjl,283.7105999,9.694361959
ZTF18abqbkyy,287.0488418,13.81787681
ZTF18abrugoi,288.8183595,14.116352
ZTF18absizsm,285.3096995,10.21614453
ZTF18accbzzo,97.37827222,22.3317298
ZTF18acceaqp,292.5332563,14.74408433
ZTF18accefrw,287.1360576,12.03711961
ZTF18acetfbq,294.5720668,11.07096406
ZTF18acvwubj,286.6264113,15.07830351
ZTF18adjsovr,282.0310091,8.091836967
ZTF18adjzoqh,282.5692474,15.04693658
ZTF18adkcxro,283.991363,12.00373188
ZTF18adkcykm,287.2274457,13.01902868
ZTF20abhfuai,285.7544701,9.716784122
ZTF20abhgrrp,285.1800807,15.22111374
ZTF21abduziv,282.2147542,8.482293855
ZTF21abjrbuu,294.477782,8.297419499
ZTF21abqzfbw,288.9370102,11.25243894
ZTF22aaaxnso,284.6755643,10.09291136
ZTF18aawkmkp,282.4411653,13.2736203
ZTF18aawkrra,282.8699995,15.44158143
ZTF18aawmaop,291.2829171,11.31544251
ZTF18aawstuc,290.9218424,13.12555413
ZTF18aawvbam,288.4241466,14.03012918
ZTF18aaxaoyc,285.0750844,14.25502091
ZTF18aaxcyre,289.6395104,9.696736221
ZTF18aaxcywe,288.5513967,12.74638397
ZTF18aaxdddj,283.2963405,15.38607169
ZTF18aaxdjxs,287.254043,11.52508282
ZTF18aaxdlic,282.376899,11.4203179
ZTF18aaxjdfg,283.3564156,14.26113123
ZTF18aaxltgd,282.1897162,14.41373142
ZTF18aaxphpf,287.9235233,12.75841468
ZTF18aaxpnjw,288.4115108,9.177160274
ZTF18aaxytpo,288.4520487,12.17171554
ZTF18aaxytwq,285.6249283,15.25383267
ZTF18aaxyudw,284.0328368,12.7893643
ZTF18aaxyuvn,286.6681616,14.20200684
ZTF18aaxyuxk,286.1064385,14.22580889
ZTF18aayedqp,285.4726628,10.94904825
ZTF18aayeeub,282.601372,12.00188822
ZTF18aayeeuz,282.8274768,12.00417249
ZTF18aayeexs,282.8683693,12.07657667
ZTF18aayefab,283.397513,12.32975357
ZTF18aayegyt,285.9698904,14.50064867
ZTF18aayejpl,283.5986624,11.11482896
ZTF18aayhgah,288.2543639,14.78985183
ZTF18aaynsos,286.2321664,9.55274822
ZTF18aayodia,284.5935993,11.10518397
ZTF18aayoexv,284.9793339,10.85101832
ZTF18aaypbpg,287.223829,10.19716073
ZTF18aayuxxn,283.4314114,10.89417862
ZTF18aayuymz,285.5750945,10.04907156
ZTF18aaywcgv,286.1353626,9.684777858
ZTF18aazlsxm,283.6795273,11.48704699
ZTF18aazmemo,289.283974,13.40302312
ZTF18aazmfbc,288.4475064,14.69755719
ZTF18aazmflv,287.675106,10.55471218
ZTF18aazmgrg,293.2359369,15.02880143
ZTF18aazuxqp,293.5080439,13.38072297
ZTF18abachun,295.0678545,8.093493918
ZTF18abaixlm,294.8791386,8.703095096
ZTF18abajcqc,285.5712632,11.91555214
ZTF18abajgai,286.4354076,14.18086402
ZTF18abbcyal,285.5768267,10.74824057
ZTF18abbdfez,287.2737999,14.54370388
ZTF18abbrhzk,291.5093792,14.6108383
ZTF18abbsprj,292.7570252,12.81153329
ZTF18abdebnm,283.9836308,14.38759231
ZTF18abdksvh,287.1664757,13.84717173
ZTF18abebahl,290.9297395,12.75991263
ZTF18abebcqx,286.6299236,13.34618228
ZTF18abebcrq,286.6473351,13.19973702
ZTF18abebdsj,281.4755951,13.9493135
ZTF18abebgye,288.4022287,14.01610032
ZTF18abesfoh,341.4796485,36.84306693
ZTF18abfrost,286.1402988,14.70459077
ZTF18abgkela,286.667902,10.16969116
ZTF18abgzclw,288.1284025,14.09627475
ZTF18abhorio,325.3495278,29.7850605
ZTF18abidhhh,284.7525264,10.73314154
ZTF18abiujou,287.3724577,11.54863611
ZTF18abjflti,288.3646359,15.40987832
ZTF18abjklyt,288.1862391,9.686518921
ZTF18abjkobt,287.0541914,12.60658025
ZTF18abkmixf,283.9001598,8.690780391
ZTF18ablicps,281.2493989,14.54817149
ZTF18abligcc,287.2824403,13.25776225
ZTF18ablihrk,285.9883643,10.58682765
ZTF18abmdfmf,286.5216201,13.54882779
ZTF18abmdgmq,284.6716741,11.1271806
ZTF18abrsjgx,285.6237094,15.42925505
ZTF18abwddra,289.1328282,15.33372811
ZTF18acenakr,95.48656484,17.78548297
ZTF18acoznrt,97.92542185,22.50402318
ZTF18acvwzgw,292.5097811,12.43420848
ZTF18adjzotr,284.3964526,15.31058432
ZTF18adkcltw,284.4618483,14.44021848
ZTF18adkcmcv,288.4459845,14.92977205
ZTF18adkeeky,283.2038887,13.50830247
ZTF18adkeepr,287.2118843,13.84052002
ZTF18adkejya,282.1300509,15.05968522
ZTF18adkgjzu,287.5700739,10.37488703
ZTF18adkmyxw,292.5768963,10.29633253
ZTF18adkspeg,284.0512833,13.21494907
ZTF18adqfyja,292.1714443,9.685106138
ZTF18adrunvr,291.8288773,11.96783668
ZTF19aaeqrtb,119.2781909,69.76923784
ZTF19aaimlmo,287.4746982,11.6345404
ZTF19aaooiaf,286.0347855,10.66786259
ZTF19aaooiak,286.3998374,10.57208482
ZTF19aaprlvj,285.4210348,12.65827988
ZTF19aasgjpc,284.3975286,10.18265928
ZTF19abmxqrp,282.5870066,12.34538046
ZTF21abjvooe,295.5137564,8.563030587
ZTF22abwuued,285.1144506,11.21362567
ZTF17aacscuk,94.4909197,18.21773494
ZTF18aaphxzo,96.95084715,19.46445334
ZTF18aavediq,282.5589107,15.34390118
ZTF18aawacmk,281.6127218,12.84557185
ZTF18aawacoc,282.5524609,13.5264716
ZTF18aawadbw,283.1086848,14.70111104
ZTF18aawadjh,282.802551,14.02977621
ZTF18aaxcysx,293.6690168,14.69247398
ZTF18aaxcywc,288.7329511,13.36207925
ZTF18aaxddil,285.0765055,9.106970684
ZTF18aaxddji,285.5791972,9.369374127
ZTF18aaxddkg,283.3020434,14.26009309
ZTF18aaxddps,282.7770765,15.22941192
ZTF18aaxdkbg,285.2762472,12.23235954
ZTF18aaxdlbl,295.3541715,15.38179907
ZTF18aaxdlja,282.1690149,11.06987413
ZTF18aaxiiuv,286.3478678,14.8026656
ZTF18aaxjdcz,293.1831362,14.94237318
ZTF18aaxluem,285.2560126,14.02381376
ZTF18aaxnacq,285.5660387,13.3866785
ZTF18aaxnazx,284.3068894,12.5262482
ZTF18aaxnbee,286.9454773,13.39344648
ZTF18aaxythd,288.5268192,15.30289575
ZTF18aaxyugx,289.9109167,15.21159643
ZTF18aaxyuvr,285.9673266,13.94153972
ZTF18aaydedm,287.8236841,11.60056567
ZTF18aayecwe,281.9497445,12.43104023
ZTF18aayecwi,281.6919724,12.57943287
ZTF18aayeeox,287.1211175,13.93792303
ZTF18aayefcg,283.3546303,12.65938441
ZTF18aayefrf,287.6008793,12.91078846
ZTF18aayejnk,283.5835462,11.36446066
ZTF18aayhgbi,288.6340328,15.25822812
ZTF18aayobip,284.6184166,14.14919441
ZTF18aayocrf,284.0227304,10.3373335
ZTF18aayojdk,283.1798669,12.06100199
ZTF18aaypamw,290.144217,13.8740264
ZTF18aayuwnr,286.0530413,10.19628377
ZTF18aazmbet,290.9160285,8.169964243
ZTF18aazmbgp,290.1615764,8.22995629
ZTF18aazmvnq,292.8351115,9.083012567
ZTF18aazutxe,295.0718638,11.94476433
ZTF18ababmse,283.7070203,15.24969274
ZTF18abackvz,294.3309557,8.969845381
ZTF18abahsfv,287.2257741,8.599042807
ZTF18abaiuuf,288.6781611,12.68841411
ZTF18abbdgup,284.4048396,11.05480179
ZTF18abbdzvc,283.1430459,10.84184603
ZTF18abcgprn,283.5071058,13.19008705
ZTF18abcgywa,294.8844143,14.32094949
ZTF18abcjgce,291.4971856,12.24825036
ZTF18abcnmdz,284.1732424,8.383188357
ZTF18abcoiyk,285.8968559,11.99590758
ZTF18abebcrh,286.1219991,12.7624971
ZTF18abebfac,286.6679499,9.993487475
ZTF18abebfaj,286.5869759,10.47623246
ZTF18abebfse,286.9035081,11.56622058
ZTF18abebgvi,288.0733948,14.47409613
ZTF18abebjfd,286.6706649,12.23911054
ZTF18abebnci,284.0890973,10.73047081
ZTF18abezfbs,284.4620501,10.92698847
ZTF18abfiocx,285.4197551,10.66801429
ZTF18abgspto,286.3382956,10.42401336
ZTF18abgtbfn,284.4121741,10.21546628
ZTF18abgzckg,285.9451957,11.54451115
ZTF18abicwpo,285.3985219,10.50168362
ZTF18abjasmz,285.9350917,11.33163239
ZTF18abkwxeh,290.3157412,8.304165202
ZTF18abldqes,286.5179927,10.53152947
ZTF18abmdfww,285.2742536,12.86397572
ZTF18abmfqui,286.6871131,13.50998097
ZTF18abmvyft,282.8193773,10.5636734
ZTF18abrbian,95.96991531,20.05890536
ZTF18absmljf,287.5880974,11.01102669
ZTF18absmnto,282.4656865,11.51096501
ZTF18abzdwkg,95.23874103,21.01452456
ZTF18acdwirc,288.2469756,12.57021166
ZTF18acvnfcr,285.8887389,10.62953803
ZTF18adjrdna,291.8314057,65.56508342
ZTF18adkcxxw,286.6828377,12.45963529
ZTF18adkcxxz,286.598658,12.63821722
ZTF18adkcykb,286.9314821,12.81473893
ZTF19aawywea,285.6411858,10.20527664
ZTF22abddfud,288.6356584,14.3285787
ZTF17aabsgem,99.26715019,16.2775379
ZTF17aacsdal,95.22409641,18.05221123
ZTF18aavednp,292.9601867,15.40695178
ZTF18aavyqso,288.2766359,13.16384496
ZTF18aawacoe,282.4887327,13.03928782
ZTF18aawadhf,281.3073883,14.22823431
ZTF18aawklkc,284.1166888,14.70307166
ZTF18aawkxgi,287.6334357,13.84795033
ZTF18aaxaobw,282.1247312,12.98666992
ZTF18aaxddrj,288.1668588,11.40852097
ZTF18aaxdjzt,285.9920808,11.94463626
ZTF18aaxdkhz,283.5623725,14.59366262
ZTF18aaxdlid,282.2524369,11.15488657
ZTF18aaxlpyl,290.8173723,12.82431545
ZTF18aaxyuqw,285.2883585,14.06811461
ZTF18aaxyuvl,286.5752914,14.317713
ZTF18aaxyuwb,286.2076523,14.31587851
ZTF18aaydcod,283.6414362,14.00299688
ZTF18aayeapm,282.1584679,8.463995277
ZTF18aayecqs,281.8089046,9.460199737
ZTF18aayelva,282.2068407,10.33274615
ZTF18aaynscq,287.0917926,8.44184659
ZTF18aayodig,284.6796988,11.03415569
ZTF18aayohim,281.2747315,11.38927205
ZTF18aaypajp,287.9394907,13.33457084
ZTF18aaypaqt,288.0224757,15.45990605
ZTF18aayuynb,285.6340581,10.45142739
ZTF18aayvbjn,293.4767183,13.54102217
ZTF18aayvkiq,294.8774608,11.39672754
ZTF18aaywkbs,284.3207848,14.79641928
ZTF18aazfeiy,292.1017255,8.249080388
ZTF18aazmegc,288.2261136,8.60193387
ZTF18aazmemj,289.3596452,13.54561908
ZTF18aazmggw,287.9276905,10.99508728
ZTF18aazmvhg,294.4485758,8.219823812
ZTF18aazuptw,281.7403379,13.51335634
ZTF18abaclft,294.555146,11.13723262
ZTF18abajctx,284.2536578,10.09690208
ZTF18abapyls,290.2319057,11.59500156
ZTF18abaroul,292.7584926,12.27057942
ZTF18abbeguk,283.8741418,10.54628632
ZTF18abbnjxn,285.1431467,13.38975024
ZTF18abdljwd,294.6973267,15.37635614
ZTF18abebfsf,287.1264426,10.96502791
ZTF18abebjck,286.613138,12.39128911
ZTF18abeepjq,285.2214798,8.480629497
ZTF18abeerxw,288.2697012,11.5807819
ZTF18abefdnt,284.1745413,10.72914378
ZTF18abezaxw,281.4888986,10.88609664
ZTF18abfrugh,286.5070815,14.27311057
ZTF18abgzgee,285.7821932,13.23108858
ZTF18abhfaxh,286.6638088,12.65203211
ZTF18abibmoa,293.701575,14.33753579
ZTF18abjarsg,287.3663312,12.30430074
ZTF18abjflyk,285.0065039,12.80239844
ZTF18abjflzp,286.2588565,11.08267065
ZTF18abjnqyn,284.5050291,10.97901462
ZTF18abkkbxv,284.4541775,10.85585707
ZTF18abldzdu,291.7463468,15.40359338
ZTF18abliglv,285.0349303,11.18471803
ZTF18abliidz,285.9281862,10.69629961
ZTF18ablizfv,285.4169208,11.41960254
ZTF18abloefy,286.9403896,10.52555584
ZTF18abrrkpk,290.7074832,14.37668016
ZTF18abrsaau,285.241579,11.54610159
ZTF18abrtuyi,284.6893042,11.18785043
ZTF18abssmly,288.298375,14.83651561
ZTF18abzheew,98.93406335,21.61969451
ZTF18acadgwe,287.4082344,12.97117102
ZTF18acvxabq,288.2523128,11.02085924
ZTF18adjzozx,287.108017,14.53240704
ZTF18adkfhqc,289.5564107,13.50294219
ZTF18adkprwf,292.7240278,13.28179171
ZTF18adkwsst,289.2713828,15.05959963
ZTF18adleucq,286.4637228,9.580862144
ZTF18adlrumy,285.3589505,10.89360651
ZTF18adqfzls,292.4244229,10.78294976
ZTF19aaretrk,95.33364166,20.16952358
ZTF19aatidap,287.8865439,12.81160686
ZTF17aaateec,96.66455017,15.35728628
ZTF18aabhimq,97.46437114,22.1271135
ZTF18aavedhc,281.5302018,8.438116507
ZTF18aawkpnh,284.1771344,12.88288917
ZTF18aawkrqx,282.5629711,15.0017935
ZTF18aawkuhd,285.2665204,14.40255463
ZTF18aawuzsg,285.2310224,14.6912361
ZTF18aawuzsy,285.8240247,15.013791
ZTF18aaxando,285.6703253,15.04987564
ZTF18aaxcywb,288.6288979,13.13054191
ZTF18aaxddjh,285.5918344,9.069067937
ZTF18aaxddql,287.8335594,13.36729091
ZTF18aaxdkjr,283.5449429,13.13966438
ZTF18aaxikmn,282.4866714,11.46180417
ZTF18aaxpozr,287.0356972,15.24930298
ZTF18aaxyujs,287.5878813,14.75951628
ZTF18aayeaxy,284.6093061,10.33344287
ZTF18aayecaf,285.7166389,14.94784028
ZTF18aayedqd,285.153567,11.62426926
ZTF18aayeeve,282.7155888,12.3942815
ZTF18aayeewa,282.1199872,12.00612481
ZTF18aayefbx,283.6748844,12.5901799
ZTF18aaynsxu,288.4983585,8.074066049
ZTF18aaynzuk,285.3988483,14.87725881
ZTF18aayodgy,281.1622342,13.90831117
ZTF18aayooea,283.6778133,10.85094783
ZTF18aaypaim,292.6047999,13.80491268
ZTF18aaypalp,285.1095503,14.98976848
ZTF18aayuygl,283.6535175,9.5778263
ZTF18aayuzlp,287.5772085,12.28518442
ZTF18aayvbbp,285.5046835,12.71020809
ZTF18aayvccu,294.4531477,10.5493553
ZTF18aayvccv,294.7138926,10.34289073
ZTF18aayvewf,285.0182675,14.39230533
ZTF18aazdnwu,282.6768298,12.21635655
ZTF18aazlrac,284.0125146,10.61938845
ZTF18aazsqto,293.7427381,13.98049659
ZTF18aazucuo,286.92984,58.479368
ZTF18aazuott,286.0886845,12.04174747
ZTF18ababkgt,287.0140778,11.45889197
ZTF18abapykj,294.808219,8.098093697
ZTF18abarmsc,285.279647,11.57613195
ZTF18abarmsh,285.3802796,11.05137253
ZTF18abbeust,295.6077568,13.94048354
ZTF18abbkpdc,282.7795087,8.742738155
ZTF18abbnzpu,283.7683793,11.39312742
ZTF18abbxsln,288.2597597,12.86253285
ZTF18abchmgc,289.7936861,8.439921632
ZTF18abcnmep,284.3125618,8.451710668
ZTF18abdktjq,294.1389708,12.80122131
ZTF18abebcrc,286.6607434,12.86127332
ZTF18abebhut,283.2054527,13.41824554
ZTF18abeboba,286.4301009,11.56653871
ZTF18abebocb,286.3751243,11.39603227
ZTF18abebwmf,287.1444329,15.44741455
ZTF18abeegfn,285.0917099,10.21842934
ZTF18abeeluy,287.6975098,13.51022954
ZTF18abeelzr,286.2876554,14.06531835
ZTF18abeernx,285.9822615,13.10925082
ZTF18abehljj,295.2929123,13.11303429
ZTF18aberfaw,293.2419435,12.93092381
ZTF18abfiwvc,285.9938149,11.18975625
ZTF18abfrpxs,287.5650091,15.09656895
ZTF18abidbxz,286.4933632,11.37466838
ZTF18abifvzw,285.5117558,10.00430094
ZTF18abjaqhn,289.2171917,14.87055069
ZTF18abjarsl,287.3864815,11.97791051
ZTF18abjbdtc,292.7339124,13.54585184
ZTF18abjfhla,288.7350205,8.829651545
ZTF18abkjydt,285.966259,8.430021296
ZTF18abkkbkz,286.5051824,14.1139187
ZTF18ablilqk,284.7059171,14.62424433
ZTF18ablnoqi,282.808757,12.62934953
ZTF18ablqzsz,295.1139521,8.522569957
ZTF18abmfrdm,283.6485317,9.474503225
ZTF18abrryyj,283.6018542,11.27466822
ZTF18abrscbu,287.8565742,14.22443929
ZTF18abrtrug,283.4673559,12.6730051
ZTF18absizsa,286.5307809,12.33031744
ZTF18abzjuuc,95.30435528,19.11721651
ZTF18acijmpg,291.8242465,12.17809701
ZTF18adjsndn,282.4185157,15.47973295
ZTF18adjsplu,281.3598242,9.364399845
ZTF18adjzoez,282.3908031,13.50038379
ZTF18adkspsz,283.8381546,12.2568325
ZTF18adnovec,0.309960647,72.82026141
ZTF19aatpvgt,283.3566101,14.44123877
ZTF19abcyneo,282.8983454,10.97739932
ZTF19abhphfw,285.5918453,10.9000102
ZTF20aamecey,282.6345184,8.24769738
ZTF20abfvueh,287.084388,8.593599295
ZTF20acdlujz,287.7024896,14.59873685
ZTF22aadhlbt,283.4305623,13.30089896
ZTF17aablmgr,98.6717181,20.63773236
ZTF17aacksev,99.19341425,15.80947528
ZTF17aacrvjh,92.94929177,19.13887072
ZTF17aacydrb,99.29676636,22.63152225
ZTF17aadswkn,98.86491143,22.32549196
ZTF18aairqhf,92.15919079,16.40166492
ZTF18aaphuqz,93.36902618,16.09913009
ZTF18aavedjn,282.3474237,15.27276043
ZTF18aawaddf,284.5011767,15.0434794
ZTF18aawcclr,291.1923045,11.09091437
ZTF18aawccuh,284.1340968,15.30171108
ZTF18aawkrui,282.7393769,14.42431563
ZTF18aawuzhr,283.6386196,14.06312057
ZTF18aaxddpb,282.0537547,14.26462772
ZTF18aaxdkde,287.6502152,12.06033934
ZTF18aaxdlip,282.1085672,10.99821215
ZTF18aaxjeio,291.813956,14.53119141
ZTF18aaxltdq,285.0441771,13.03969996
ZTF18aaxltgc,282.2181101,14.19819864
ZTF18aaxpntb,282.7574001,8.179137939
ZTF18aaxytvd,285.0568246,12.67877545
ZTF18aaxyuwv,286.5992895,14.39672611
ZTF18aayczya,290.5595844,14.52087169
ZTF18aaydapo,292.6327317,14.02416201
ZTF18aaydapu,292.7011392,14.4366186
ZTF18aayebmt,285.0257491,12.18076716
ZTF18aayedvp,283.9735285,11.09191382
ZTF18aayeeal,284.2014671,11.46219295
ZTF18aayefcn,283.7771099,11.99197842
ZTF18aayefcp,283.1057373,12.51799274
ZTF18aayejma,283.7830481,11.36433011
ZTF18aayenaa,286.2321206,15.40505866
ZTF18aayhgas,287.9663852,14.8654675
ZTF18aayoeyi,284.9941551,11.07141266
ZTF18aayoofm,283.1706672,11.36233501
ZTF18aaypald,285.6043179,15.01411097
ZTF18aayvbcq,285.565442,12.05161568
ZTF18aayvcel,294.5154225,9.987432304
ZTF18aayvhyf,282.2365578,11.34892374
ZTF18aaywfod,287.9594544,11.2642131
ZTF18aazexbe,293.2671719,14.00795073
ZTF18aazlvwa,282.7805388,10.04975639
ZTF18aazmeiv,288.3860285,10.70051567
ZTF18aazmesh,286.0627926,9.277970923
ZTF18aazmveq,291.8105053,11.48449064
ZTF18aazsmhe,283.9136582,8.373807906
ZTF18aazuqyu,286.4951649,15.26068152
ZTF18abaaqld,285.647029,15.21474502
ZTF18ababmmw,281.328892,15.2976385
ZTF18ababmyc,286.0837288,14.59485193
ZTF18ababocw,285.45359,13.14344089
ZTF18ababupo,283.7683914,11.32473644
ZTF18abacldz,294.1441307,11.483948
ZTF18abadjhi,309.498221,15.27153584
ZTF18abaqzsh,281.6037946,13.16771994
ZTF18abarefz,288.1858948,14.59577676
ZTF18abbnjem,286.1713316,13.45369547
ZTF18abbnmux,283.6775268,13.57091842
ZTF18abbnowc,286.0511498,14.99986937
ZTF18abcpzwc,286.4962275,12.98816634
ZTF18abdlkxe,288.9151356,14.77271152
ZTF18abebgvz,288.4116924,14.25069349
ZTF18abebnyx,286.3205414,11.21052952
ZTF18abecngo,289.3801585,15.17420554
ZTF18abercpp,292.7212276,11.89960273
ZTF18abfioog,284.5187976,12.98749872
ZTF18abfrkoi,286.1928967,8.364648304
ZTF18abfrpxv,287.3123423,15.1833086
ZTF18abgzcpk,286.052993,11.95798752
ZTF18abibzff,286.2515814,13.8268808
ZTF18abicwni,285.3179413,10.52292064
ZTF18abjapnj,285.5350066,11.98198668
ZTF18abjartk,287.2722451,12.66832494
ZTF18abjarua,287.4811164,12.16841995
ZTF18abjaruj,287.5805725,12.5669609
ZTF18abjweyj,285.9610165,10.95856087
ZTF18ablifin,284.6428358,8.403119982
ZTF18ablkwkf,285.3002752,9.350827565
ZTF18ablocuk,286.3075488,9.228893796
ZTF18abnxhxd,286.1057618,11.13218246
ZTF18abnxins,285.6764329,13.19291421
ZTF18abpbxll,287.4350903,11.89535853
ZTF18abqavyn,283.765693,12.16559783
ZTF18abqdhlo,287.1089315,13.15894216
ZTF18abrremi,291.7774287,12.61082749
ZTF18abrufqa,283.4137152,8.927641332
ZTF18absjgof,287.3191305,13.43030128
ZTF18abtoeow,293.9796633,8.236782382
ZTF18accehoj,292.1916603,13.10147678
ZTF18acdvfcs,97.36288256,19.84375974
ZTF18actwjmy,287.3722715,11.33687411
ZTF18acvnbst,285.342479,10.29705365
ZTF18adjmytq,281.4308873,14.90167874
ZTF18adjzwap,290.8166617,13.34471929
ZTF18adkcxvc,287.3564951,12.53852218
ZTF18adkgird,285.8007999,14.71758617
ZTF18adkgixp,288.0613325,15.16378207
ZTF18adkstum,285.7044916,12.28401285
ZTF18adlfqmg,288.2739773,14.21889541
ZTF19aabjxgm,94.71227283,21.39043519
ZTF19aaustwn,287.5975123,12.29254582
ZTF20abegtdp,285.6557331,13.31798794
ZTF21acesojn,287.0633765,11.28060772
ZTF23aaekfek,290.9489412,10.27852469
ZTF17aadkjzl,96.82211824,16.2593156
ZTF18aavyqmy,288.2524791,13.47127373
ZTF18aawacbb,284.0171464,13.32541602
ZTF18aawadfe,285.4554007,14.56633847
ZTF18aawadly,283.2711627,13.29467336
ZTF18aawadma,283.1994049,12.86790612
ZTF18aawcbyw,290.6861478,15.44148538
ZTF18aawccut,284.2197117,14.76115191
ZTF18aawuzhp,283.4187318,13.9232926
ZTF18aaxakuh,284.2333456,14.4864447
ZTF18aaxcywv,291.0277328,14.20782334
ZTF18aaxddoz,282.3267812,14.50464336
ZTF18aaxdkip,284.2560949,14.61298185
ZTF18aaxjddi,292.9851984,14.76166719
ZTF18aaxltns,286.9811214,13.12340986
ZTF18aaxnaui,284.5254082,13.2070779
ZTF18aaydaqe,292.3691142,13.83921554
ZTF18aaydzut,287.4137528,10.92395247
ZTF18aayejdd,282.3878881,11.16457413
ZTF18aayelsa,282.5413305,10.16290017
ZTF18aayogkz,283.7089254,13.45280883
ZTF18aayozva,283.7385413,15.4243655
ZTF18aayuyzb,288.0195094,14.32519309
ZTF18aayuzbk,295.1643623,10.04223274
ZTF18aazdfzf,284.7673168,10.14719186
ZTF18aazlpdj,288.3564121,14.16182621
ZTF18aazmfjd,285.0586405,15.47012289
ZTF18aazmfjn,285.1988254,14.68376022
ZTF18aazmfql,287.928017,12.90607459
ZTF18aazsosf,288.9580319,12.39020504
ZTF18aazuqgw,292.1294584,13.48557398
ZTF18abaizyf,294.3310975,9.124343624
ZTF18abarjjo,287.4116225,13.39313376
ZTF18abbnxry,283.5264207,10.78381923
ZTF18abcnmei,284.5239307,8.730415627
ZTF18abcvwlg,290.96462,14.17994242
ZTF18abebcdm,283.1931656,13.96273726
ZTF18abeejkf,283.2371537,11.90963208
ZTF18abehpod,295.1214718,13.884
ZTF18abfrokq,285.7386082,12.8157883
ZTF18abicwsa,285.7807176,10.570376
ZTF18abjarth,286.9348725,12.23547425
ZTF18abjaskg,286.0203065,11.48583031
ZTF18abjfjkb,284.9904715,10.69784081
ZTF18abjnqbu,295.4881602,15.42029525
ZTF18abjnqmr,285.6394136,10.06969714
ZTF18abkkdzc,287.4865805,14.55972373
ZTF18abmizew,284.1400238,13.30181275
ZTF18abmjght,285.5711017,11.33436662
ZTF18abnxarh,292.3130831,12.17042044
ZTF18abojvfp,284.7215432,12.16977432
ZTF18abrugos,288.9668881,14.08100293
ZTF18abumgyz,348.6715344,35.35023238
ZTF18abwcmvv,97.19539042,20.41866746
ZTF18abydtjd,94.08877126,22.08395114
ZTF18acadgwg,287.3350614,13.24303408
ZTF18accebuk,285.9901904,14.97926754
ZTF18acceffl,287.154108,13.52540516
ZTF18acdwiev,286.2383436,12.86425777
ZTF18acdwitg,290.5192164,12.95012133
ZTF18adkbayl,285.780045,9.717077274
ZTF18adkbjjo,288.5517418,14.08724543
ZTF18adkcltv,284.4968029,14.46706515
ZTF18adkgiwd,285.6137809,8.219553577
ZTF18admcuui,292.3855271,9.95289955
ZTF19aaimovq,285.302629,9.704471985
ZTF19aawlqga,293.1871761,8.755343653
ZTF19aaxsdyu,284.2304675,13.16536452
ZTF17aacmmpf,92.43560025,15.80640425
ZTF18aabhkiq,97.85742771,22.65853096
ZTF18aavelyf,287.1856164,15.38195299
ZTF18aawaddq,284.0733338,15.29150466
ZTF18aawzudg,293.7560421,14.79107197
ZTF18aaxaoyl,285.6344029,14.25051207
ZTF18aaxysxv,287.799921,10.53712089
ZTF18aayecwb,281.6647312,11.95661614
ZTF18aayecwm,281.8500103,12.17166044
ZTF18aayedoq,285.0782025,11.02257482
ZTF18aayefby,283.5484504,12.6467788
ZTF18aayhgbj,288.3950679,14.87069585
ZTF18aayobfp,282.3948641,12.75879761
ZTF18aayojak,283.6991159,12.44987424
ZTF18aayvfzv,283.5369555,10.40121154
ZTF18aaywcit,286.1868478,9.630811557
ZTF18aazdiph,284.2689276,12.74966935
ZTF18aazlneb,287.4305123,10.88507791
ZTF18aazlwuv,281.6919837,11.43934808
ZTF18aazmvet,293.3798393,14.10568652
ZTF18aazsokc,293.027588,14.94243054
ZTF18aazsquw,293.2083115,14.26546693
ZTF18abblewv,283.9992006,15.18594775
ZTF18abbnsue,293.9686115,14.96801493
ZTF18abdksvv,286.594852,15.39214234
ZTF18abebeyv,286.4552035,10.14361804
ZTF18abfanvv,291.8177193,13.51492936
ZTF18abgzcix,286.5285832,10.93259946
ZTF18abjfidt,287.4215766,12.55749935
ZTF18ablvtqm,294.8098746,8.129205534
ZTF18acfatod,284.6431222,15.33720339
ZTF18adkcxra,288.5664821,14.47765545
ZTF18adkwpjx,284.028063,11.24525269
ZTF18adqfzhb,292.9978327,8.176360709
ZTF20aagvstf,118.2017079,70.83683483
ZTF20acbbomt,283.3109634,9.747889644
